--- Warning: GDB cannot open serial ports accessed as COMx
--- Using \\.\COM5 instead...
--- esp-idf-monitor 1.9.0 on \\.\COM5 115200
--- Quit: Ctrl+] | Menu: Ctrl+T | Help: Ctrl+T followed by Ctrl+H
Executing action: monitor
Running idf_monitor in directory C:\ESP32-CSI-Tool\active_ap
Executing "C:\Espressif\python_env\idf5.5_py3.11_env\Scripts\python.exe C:\Espressif\frameworks\esp-idf-v5.5.4-3\tools/idf_monitor.py -p COM5 -b 115200 --toolchain-prefix xtensa-esp32s3-elf- --target esp32s3 --revision 0 C:\ESP32-CSI-Tool\active_ap\build\active-ap.elf C:\ESP32-CSI-Tool\active_ap\build\bootloader\bootloader.elf --force-color -m 'C:\Espressif\python_env\idf5.5_py3.11_env\Scripts\python.exe' 'C:\Espressif\frameworks\esp-idf-v5.5.4-3\tools\idf.py' '-p' 'COM5'"...
ESP-ROM:esp32s3-20210327
Build:Mar 27 2021
rst:0x1 (POWERON),boot:0x8 (SPI_FAST_FLASH_BOOT)
SPIWP:0xee
mode:DIO, clock div:1
load:0x3fce2820,len:0x14f0
load:0x403c8700,len:0xd24
--- 0x403c8700: _stext at ??:?
load:0x403cb700,len:0x2ef0
entry 0x403c8924
--- 0x403c8924: call_start_cpu0 at C:/Espressif/frameworks/esp-idf-v5.5.4-3/components/bootloader/subproject/main/bootloader_start.c:27
I (24) boot: ESP-IDF v5.5.4 2nd stage bootloader
I (25) boot: compile time Jun 25 2026 19:04:14
I (25) boot: Multicore bootloader
I (25) boot: chip revision: v0.2
I (28) boot: efuse block revision: v1.3
I (31) boot.esp32s3: Boot SPI Speed : 80MHz
I (35) boot.esp32s3: SPI Mode       : DIO
I (39) boot.esp32s3: SPI Flash Size : 2MB
I (43) boot: Enabling RNG early entropy source...
I (47) boot: Partition Table:
I (50) boot: ## Label            Usage          Type ST Offset   Length
I (56) boot:  0 nvs              WiFi data        01 02 00009000 00006000
I (63) boot:  1 phy_init         RF data          01 01 0000f000 00001000
I (69) boot:  2 factory          factory app      00 00 00010000 00100000
I (76) boot: End of partition table
I (79) esp_image: segment 0: paddr=00010020 vaddr=3c0c0020 size=1e414h (123924) map
I (108) esp_image: segment 1: paddr=0002e43c vaddr=3fc9a400 size=01bdch (  7132) load
I (110) esp_image: segment 2: paddr=00030020 vaddr=42000020 size=b082ch (722988) map
I (239) esp_image: segment 3: paddr=000e0854 vaddr=3fc9bfdc size=03320h ( 13088) load
I (242) esp_image: segment 4: paddr=000e3b7c vaddr=40374000 size=1631ch ( 90908) load
I (263) esp_image: segment 5: paddr=000f9ea0 vaddr=50000000 size=00020h (    32) load
I (272) boot: Loaded app from partition at offset 0x10000
I (272) boot: Disabling RNG early entropy source...
I (282) cpu_start: Multicore app
I (291) cpu_start: GPIO 44 and 43 are used as console UART I/O pins
I (292) cpu_start: Pro cpu start user code
I (292) cpu_start: cpu freq: 160000000 Hz
I (293) app_init: Application information:
I (297) app_init: Project name:     active-ap
I (301) app_init: App version:      cce5b1a-dirty
I (305) app_init: Compile time:     Jul  2 2026 19:28:44
I (311) app_init: ELF file SHA256:  509764614...
I (315) app_init: ESP-IDF:          v5.5.4
I (319) efuse_init: Min chip rev:     v0.0
I (322) efuse_init: Max chip rev:     v0.99 
I (326) efuse_init: Chip rev:         v0.2
I (330) heap_init: Initializing. RAM available for dynamic allocation:
I (337) heap_init: At 3FCA4190 len 00045580 (277 KiB): RAM
I (342) heap_init: At 3FCE9710 len 00005724 (21 KiB): RAM
I (347) heap_init: At 3FCF0000 len 00008000 (32 KiB): DRAM
I (352) heap_init: At 600FE000 len 00001FE8 (7 KiB): RTCRAM
I (359) spi_flash: detected chip: generic
I (361) spi_flash: flash io: dio
W (364) spi_flash: Detected size(16384k) larger than the size in the binary image header(2048k). Using the size in the binary image header.
I (377) sleep_gpio: Configure to isolate all GPIO pins in sleep state
I (383) sleep_gpio: Enable automatic switching of GPIO sleep configuration
I (390) main_task: Started on CPU0
I (410) main_task: Calling app_main()








-----------------------
ESP32 CSI Tool Settings
-----------------------
PROJECT_NAME: ACTIVE_AP
CONFIG_ESPTOOLPY_MONITOR_BAUD: 115200
CONFIG_ESP_CONSOLE_UART_BAUDRATE: 115200
IDF_VER: v5.5.4
-----------------------
WIFI_CHANNEL: 6
ESP_WIFI_SSID: testopen
ESP_WIFI_PASSWORD: 
SHOULD_COLLECT_CSI: 1
SHOULD_COLLECT_ONLY_LLTF: 1
SEND_CSI_TO_SERIAL: 1
SEND_CSI_TO_SD: 0
-----------------------








I (460) pp: pp rom version: e7ae62f
I (460) net80211: net80211 rom version: e7ae62f
I (470) wifi:wifi driver task: 3fca9000, prio:23, stack:6656, core=0
I (470) wifi:wifi firmware version: 0947e8b
I (470) wifi:wifi certification version: v7.0
I (470) wifi:config NVS flash: enabled
I (470) wifi:config nano formatting: disabled
I (480) wifi:Init data frame dynamic rx buffer num: 32
I (480) wifi:Init static rx mgmt buffer num: 5
I (490) wifi:Init management short buffer num: 32
I (490) wifi:Init dynamic tx buffer num: 32
I (500) wifi:Init static tx FG buffer num: 2
I (500) wifi:Init static rx buffer size: 2212
I (500) wifi:Init static rx buffer num: 10
I (510) wifi:Init dynamic rx buffer num: 32
I (510) wifi_init: rx ba win: 6
I (510) wifi_init: accept mbox: 6
I (520) wifi_init: tcpip mbox: 32
I (520) wifi_init: udp mbox: 6
I (520) wifi_init: tcp mbox: 6
I (530) wifi_init: tcp tx win: 5760
I (530) wifi_init: tcp rx win: 5760
I (530) wifi_init: tcp mss: 1440
I (540) wifi_init: WiFi IRAM OP enabled
I (540) wifi_init: WiFi RX IRAM OP enabled
W (550) wifi:Affected by the ESP-NOW encrypt num, set the max connection num to 10
I (550) phy_init: phy_version 711,97bcf0a2,Aug 25 2025,19:04:10
I (600) wifi:mode : softAP (10:b4:1d:cc:60:ad)
I (600) wifi:Total power save buffer number: 16
I (600) wifi:Init max length of beacon: 752/752
I (610) wifi:Init max length of beacon: 752/752
I (610) wifi:Set ps type: 0, coexist: 0
I (610) esp_netif_lwip: DHCP server started on interface WIFI_AP_DEF with IP: 192.168.4.1

I (620) Active CSI collection (AP): softap_init finished. SSID:testopen password:
type,role,mac,rssi,rate,sig_mode,mcs,bandwidth,smoothing,not_sounding,aggregation,stbc,fec_coding,sgi,noise_floor,ampdu_cnt,channel,secondary_channel,local_timestamp,ant,sig_len,rx_state,real_time_set,real_timestamp,len,CSI_DATA
I (650) main_task: Returned from app_main()
CSI_DATA,AP,10:B4:1D:CC:60:E0,-26,11,1,3,1,1,1,1,0,0,0,-96,0,6,2,657036,0,68,0,0,0.367837,384,[0 0 0 0 0 0 0 0 0 0 0 0 9 5 9 5 9 5 8 5 8 5 8 4 8 4 8 4 8 4 8 4 8 3 8 3 8 3 8 3 8 3 8 2 7 2 7 2 7 2 8 2 7 2 7 2 8 2 8 2 8 2 8 2 0 0 8 2 7 2 7 2 7 2 7 3 7 3 7 3 6 3 6 3 6 3 6 3 6 3 5 3 5 3 5 3 5 3 4 3 4 3 4 3 3 3 3 3 3 3 3 3 2 3 2 3 2 3 0 0 0 0 0 0 0 0 0 0 ]
I (690) wifi:removing station <10:b4:1d:cc:60:e0> after unsuccessful auth/assoc, AID = 0
W (690) wifi:rm mis
I (690) wifi:new:<6,0>, old:<6,2>, ap:<6,2>, sta:<255,255>, prof:6, snd_ch_cfg:0x0
I (700) wifi:new:<6,2>, old:<6,0>, ap:<6,2>, sta:<255,255>, prof:6, snd_ch_cfg:0x0
I (3100) wifi:new:<6,2>, old:<6,2>, ap:<6,2>, sta:<255,255>, prof:6, snd_ch_cfg:0x0
I (3100) wifi:station: 10:b4:1d:cc:60:e0 join, AID=1, bgn, 40D
I (3100) Active CSI collection (AP): station join, AID=1
CSI_DATA,AP,00:00:00:00:00:00,-20,11,0,0,0,0,0,0,0,0,0,-94,0,6,2,3104125,0,14,0,0,2.81352,128,[0 0 0 0 0 0 0 0 0 0 0 0 -16 -10 -15 -10 -15 -10 -15 -10 -15 -9 -15 -9 -14 -9 -14 -8 -14 -8 -14 -7 -14 -7 -14 -7 -14 -7 -14 -6 -14 -6 -14 -6 -14 -5 -14 -5 -14 -5 -14 -5 -14 -5 -14 -5 -14 -4 -14 -4 -14 -4 -14 -4 0 0 -14 -4 -14 -5 -14 -5 -14 -5 -13 -5 -13 -5 -13 -5 -13 -5 -12 -6 -12 -6 -12 -6 -11 -6 -11 -6 -11 -6 -10 -6 -9 -6 -9 -6 -8 -6 -8 -6 -8 -6 -7 -6 -7 -7 -7 -7 -6 -7 -6 -6 -5 -7 0 0 0 0 0 0 0 0 0 0 ]
CSI_DATA,AP,10:B4:1D:CC:60:E0,-20,11,0,0,0,0,0,0,0,0,0,-94,0,6,2,3129381,0,374,0,0,2.86136,128,[0 0 0 0 0 0 0 0 0 0 0 0 -11 -15 -11 -15 -11 -15 -11 -14 -11 -14 -11 -13 -11 -13 -11 -13 -11 -12 -11 -12 -11 -11 -11 -11 -11 -11 -11 -11 -11 -10 -11 -10 -11 -10 -11 -9 -11 -9 -12 -9 -12 -9 -12 -9 -12 -8 -12 -8 -12 -8 -12 -8 0 0 -12 -9 -12 -9 -12 -9 -12 -9 -11 -9 -11 -9 -11 -9 -11 -9 -10 -10 -10 -9 -10 -9 -9 -9 -8 -9 -8 -9 -7 -9 -7 -9 -7 -9 -6 -9 -6 -9 -5 -9 -5 -8 -5 -8 -4 -8 -4 -8 -3 -8 -3 -8 0 0 0 0 0 0 0 0 0 0 ]
CSI_DATA,AP,00:00:00:00:00:00,-20,11,0,0,0,0,0,0,0,0,0,-94,0,6,2,3203982,0,14,0,0,2.91338,128,[0 0 0 0 0 0 0 0 0 0 0 0 13 11 12 11 12 11 12 10 12 10 12 10 12 9 12 9 12 9 12 9 12 8 12 8 12 7 12 7 12 7 12 7 12 6 12 6 12 6 12 5 12 5 12 5 12 5 12 5 12 5 12 5 0 0 12 5 12 5 12 5 12 6 12 6 11 6 11 6 11 6 11 6 10 6 10 6 9 6 9 7 8 6 8 7 7 6 7 7 7 6 6 6 6 6 6 6 5 6 5 6 4 6 4 6 3 6 0 0 0 0 0 0 0 0 0 0 ]
CSI_DATA,AP,10:B4:1D:CC:60:E0,-20,11,0,0,0,0,0,0,0,0,0,-94,0,6,2,3205519,0,374,0,0,2.94048,128,[0 0 0 0 0 0 0 0 0 0 0 0 -4 17 -4 17 -4 16 -4 16 -4 16 -3 16 -3 15 -3 15 -3 15 -2 15 -2 15 -1 14 -1 14 -1 14 -1 14 -1 14 -1 14 0 13 0 13 0 13 0 13 0 13 1 13 1 13 1 13 1 13 0 0 0 14 0 13 0 14 0 13 0 13 -1 13 -1 13 -1 13 -2 12 -2 12 -2 12 -2 12 -2 11 -3 11 -3 10 -3 10 -3 9 -4 9 -4 9 -4 8 -4 8 -4 8 -4 7 -5 7 -5 6 -5 6 0 0 0 0 0 0 0 0 0 0 ]
I (3270) esp_netif_lwip: DHCP server assigned IP to a client, IP is: 192.168.4.2
CSI_DATA,AP,00:00:00:00:00:00,-19,11,0,0,0,0,0,0,0,0,0,-94,0,6,2,3274108,0,14,0,0,2.98353,128,[0 0 0 0 0 0 0 0 0 0 0 0 -5 -18 -5 -18 -4 -17 -5 -17 -5 -17 -5 -16 -5 -16 -5 -16 -5 -15 -5 -15 -5 -15 -6 -15 -6 -14 -6 -14 -6 -14 -6 -14 -7 -13 -7 -13 -7 -13 -7 -13 -7 -13 -8 -13 -8 -13 -8 -13 -8 -13 -8 -13 0 0 -8 -13 -7 -13 -7 -13 -7 -13 -7 -13 -7 -13 -6 -13 -6 -13 -6 -13 -5 -12 -5 -13 -4 -12 -4 -12 -4 -12 -3 -11 -3 -11 -2 -11 -2 -11 -2 -10 -2 -10 -1 -10 -1 -9 -1 -9 0 -9 0 -9 1 -8 0 0 0 0 0 0 0 0 0 0 ]
CSI_DATA,AP,10:B4:1D:CC:60:E0,-19,11,0,0,0,0,0,0,0,0,0,-94,0,6,2,3275005,0,66,0,0,3.02909,128,[0 0 0 0 0 0 0 0 0 0 0 0 -5 16 -5 16 -5 16 -4 15 -4 15 -4 15 -4 15 -3 15 -3 14 -3 14 -3 14 -3 14 -2 14 -2 14 -2 13 -1 13 -1 13 -1 13 -1 13 0 13 0 13 0 13 0 13 0 13 0 13 0 13 0 0 0 13 0 13 0 13 -1 13 -1 13 -1 13 -1 13 -2 12 -2 12 -2 12 -3 11 -3 11 -3 11 -3 10 -3 10 -3 10 -4 9 -4 9 -4 8 -4 8 -4 8 -4 7 -5 7 -5 7 -5 6 -5 5 0 0 0 0 0 0 0 0 0 0 ]
CSI_DATA,AP,10:B4:1D:CC:60:E0,-19,11,0,0,0,0,0,0,0,0,0,-94,0,6,2,3765959,0,66,0,0,3.47542,128,[0 0 0 0 0 0 0 0 0 0 0 0 -18 0 -18 0 -18 0 -17 0 -17 1 -16 1 -16 1 -16 1 -16 1 -16 1 -15 2 -15 2 -15 2 -15 2 -14 2 -14 3 -14 3 -14 3 -14 3 -14 3 -14 3 -13 4 -14 4 -14 4 -14 4 -14 4 0 0 -14 3 -14 4 -13 3 -14 3 -13 2 -14 2 -14 2 -13 1 -13 1 -13 1 -13 1 -12 0 -12 0 -11 0 -11 -1 -11 -1 -11 -1 -10 -1 -10 -2 -9 -2 -9 -2 -9 -2 -9 -3 -8 -3 -8 -3 -7 -3 0 0 0 0 0 0 0 0 0 0 ]
CSI_DATA,AP,10:B4:1D:CC:60:E0,-20,11,0,0,0,0,0,0,0,0,0,-94,0,6,2,3878003,0,66,0,0,3.58745,128,[0 0 0 0 0 0 0 0 0 0 0 0 18 2 17 2 17 2 16 1 17 1 16 1 16 1 16 1 15 0 15 0 15 0 15 0 14 -1 14 -1 14 -1 14 -1 13 -2 14 -2 13 -2 13 -2 13 -2 13 -3 14 -3 13 -3 13 -3 13 -3 0 0 13 -2 14 -2 13 -2 14 -2 13 -2 13 -2 13 -1 13 -1 12 -1 12 0 12 0 11 0 11 1 10 1 10 1 10 1 10 1 9 2 8 2 8 2 8 2 7 2 7 3 7 3 6 3 6 3 0 0 0 0 0 0 0 0 0 0 ]
CSI_DATA,AP,10:B4:1D:CC:60:E0,-21,11,0,0,0,0,0,0,0,0,0,-94,0,6,2,4662195,0,66,0,0,4.37166,128,[0 0 0 0 0 0 0 0 0 0 0 0 -12 -14 -12 -14 -12 -13 -12 -13 -12 -13 -12 -13 -11 -12 -11 -12 -11 -12 -11 -11 -11 -11 -12 -11 -11 -10 -11 -10 -11 -10 -11 -10 -11 -9 -11 -9 -12 -9 -12 -9 -11 -9 -12 -9 -12 -8 -12 -8 -12 -8 -12 -9 0 0 -12 -8 -11 -9 -12 -9 -11 -9 -11 -9 -11 -9 -10 -9 -10 -9 -10 -10 -9 -9 -9 -9 -8 -9 -8 -9 -7 -9 -7 -9 -6 -9 -6 -9 -5 -8 -5 -8 -5 -8 -4 -8 -4 -8 -4 -8 -3 -8 -3 -8 -2 -8 0 0 0 0 0 0 0 0 0 0 ]
CSI_DATA,AP,00:00:00:00:00:00,-21,11,0,0,0,0,0,0,0,0,0,-94,0,6,2,4699297,0,14,0,0,4.40871,128,[0 0 0 0 0 0 0 0 0 0 0 0 18 -3 17 -3 17 -3 16 -3 16 -3 16 -3 15 -3 15 -4 15 -3 14 -4 14 -4 14 -5 14 -5 13 -5 13 -5 13 -5 13 -5 12 -5 12 -6 12 -6 12 -6 12 -6 12 -6 12 -7 12 -7 12 -7 0 0 12 -6 12 -6 12 -6 12 -6 12 -5 12 -5 12 -5 12 -4 12 -4 11 -4 11 -4 11 -4 11 -3 10 -3 10 -2 10 -2 9 -1 9 -1 9 -1 8 0 8 0 8 0 7 0 7 0 7 1 6 1 0 0 0 0 0 0 0 0 0 0 ]
CSI_DATA,AP,00:00:00:00:00:00,-22,9,0,0,0,0,0,0,0,0,0,-94,0,6,2,4699509,0,14,0,0,4.4452,128,[0 0 0 0 0 0 0 0 0 0 0 0 7 16 7 16 7 15 7 15 7 15 7 15 7 14 7 14 7 13 7 13 7 13 7 12 8 12 7 11 8 11 7 11 8 11 8 11 8 11 8 10 8 10 8 10 8 10 8 10 9 10 8 10 0 0 8 10 8 10 8 10 8 10 8 11 7 10 6 10 6 10 6 10 5 10 5 10 5 10 4 10 4 9 3 9 3 9 3 9 2 9 2 9 2 8 1 8 1 8 1 7 0 7 0 7 -1 7 0 0 0 0 0 0 0 0 0 0 ]
CSI_DATA,AP,10:B4:1D:CC:60:E0,-21,11,0,0,0,0,0,0,0,0,0,-94,0,6,2,4699770,0,37,0,0,4.47899,128,[0 0 0 0 0 0 0 0 0 0 0 0 6 16 6 16 6 16 6 15 6 15 6 15 6 14 6 14 6 13 6 13 6 13 7 13 6 12 7 12 7 12 7 12 7 11 7 11 7 11 8 11 8 11 8 10 8 10 8 11 8 10 8 11 0 0 8 11 8 11 7 11 7 11 7 11 7 11 6 11 6 11 5 11 5 11 5 10 4 10 4 10 3 10 3 9 3 9 2 9 2 9 2 8 1 8 1 8 1 8 0 7 0 7 0 7 -1 7 0 0 0 0 0 0 0 0 0 0 ]
CSI_DATA,AP,10:B4:1D:CC:60:E0,-21,11,0,0,0,0,0,0,0,0,0,-94,0,6,2,4701211,0,37,0,0,4.51327,128,[0 0 0 0 0 0 0 0 0 0 0 0 -1 -19 -1 -18 -1 -18 -1 -18 -1 -17 -2 -17 -2 -17 -2 -16 -2 -16 -3 -15 -3 -15 -3 -15 -3 -15 -3 -15 -4 -14 -4 -14 -4 -14 -4 -14 -4 -14 -4 -14 -4 -14 -5 -14 -5 -13 -5 -13 -5 -14 -5 -14 0 0 -5 -14 -5 -14 -4 -14 -4 -13 -4 -14 -4 -13 -3 -13 -3 -13 -3 -13 -3 -13 -2 -12 -2 -12 -2 -12 -1 -12 -1 -11 -1 -11 0 -10 0 -10 0 -10 0 -9 0 -9 1 -9 1 -8 1 -8 1 -8 2 -7 0 0 0 0 0 0 0 0 0 0 ]
CSI_DATA,AP,10:B4:1D:CC:60:E0,-27,11,1,7,1,1,1,0,0,0,1,-94,0,6,2,4701392,0,68,0,0,4.5561,384,[0 0 0 0 0 0 0 0 0 0 0 0 4 -11 4 -11 3 -10 4 -11 3 -10 3 -10 3 -10 3 -10 3 -9 2 -9 2 -9 2 -9 2 -9 1 -9 2 -9 2 -9 1 -9 1 -9 1 -9 1 -9 1 -9 1 -9 1 -9 1 -9 1 -9 1 -9 0 0 1 -9 1 -8 1 -9 1 -9 1 -9 1 -8 2 -8 2 -8 2 -8 2 -7 2 -8 2 -7 2 -7 3 -7 2 -6 3 -6 3 -6 3 -5 3 -5 3 -5 3 -5 3 -4 3 -4 3 -4 3 -4 3 -3 0 0 0 0 0 0 0 0 0 0 ]
CSI_DATA,AP,10:B4:1D:CC:60:E0,-27,11,1,7,1,1,1,0,0,0,1,-94,0,6,2,4761536,0,68,0,0,4.59195,384,[0 0 0 0 0 0 0 0 0 0 0 0 2 10 2 10 2 10 2 9 2 10 2 9 2 9 2 9 2 9 3 9 3 8 3 8 3 8 3 8 3 8 3 7 3 7 3 7 3 7 3 7 3 7 4 7 4 7 4 7 4 7 4 7 0 0 3 7 3 7 3 7 3 7 3 7 3 7 2 7 2 7 2 7 2 7 2 7 1 7 1 6 1 6 1 6 0 6 0 6 0 5 0 5 0 5 0 5 -1 5 -1 5 -1 4 -1 4 -2 4 0 0 0 0 0 0 0 0 0 0 ]
CSI_DATA,AP,10:B4:1D:CC:60:E0,-27,11,1,7,1,1,1,0,0,0,1,-94,0,6,2,4851270,0,68,0,0,4.62345,384,[0 0 0 0 0 0 0 0 0 0 0 0 6 9 6 8 6 8 6 8 6 8 6 8 5 7 5 7 5 7 6 7 6 6 6 6 6 6 6 6 6 6 6 5 6 5 6 5 6 5 6 5 6 5 6 5 6 5 6 5 6 4 6 4 0 0 6 5 6 5 6 5 6 4 6 5 6 5 6 5 5 5 5 5 5 5 5 5 4 5 4 5 4 5 4 5 3 5 3 5 3 4 2 4 2 4 2 4 2 4 1 4 1 4 1 4 1 4 0 0 0 0 0 0 0 0 0 0 ]
CSI_DATA,AP,10:B4:1D:CC:60:E0,-21,11,0,0,0,0,0,0,0,0,0,-94,0,6,2,4875875,0,66,0,0,4.65419,128,[0 0 0 0 0 0 0 0 0 0 0 0 -8 -17 -8 -17 -8 -16 -8 -16 -8 -15 -8 -15 -8 -15 -8 -14 -8 -14 -8 -14 -8 -14 -8 -13 -8 -13 -9 -12 -9 -12 -9 -12 -9 -11 -9 -11 -9 -11 -9 -11 -10 -11 -10 -11 -9 -11 -10 -11 -10 -11 -10 -11 0 0 -10 -11 -10 -11 -9 -11 -9 -11 -9 -11 -9 -11 -8 -11 -8 -11 -7 -11 -7 -11 -6 -11 -6 -11 -5 -11 -5 -10 -5 -10 -4 -10 -4 -10 -4 -9 -3 -9 -3 -9 -3 -9 -2 -9 -2 -8 -1 -8 -1 -8 0 -8 0 0 0 0 0 0 0 0 0 0 ]
CSI_DATA,AP,10:B4:1D:CC:60:E0,-27,11,1,7,1,1,1,0,0,0,1,-94,0,6,2,4941341,0,68,0,0,4.69819,384,[0 0 0 0 0 0 0 0 0 0 0 0 -4 -11 -4 -11 -4 -10 -4 -11 -4 -10 -4 -10 -4 -10 -4 -10 -4 -9 -4 -9 -4 -9 -4 -9 -4 -9 -4 -8 -5 -9 -4 -8 -5 -8 -5 -8 -5 -8 -5 -8 -5 -7 -5 -8 -5 -8 -5 -7 -5 -8 -5 -7 0 0 -5 -8 -5 -7 -5 -7 -5 -7 -5 -8 -5 -8 -4 -8 -4 -8 -4 -8 -3 -7 -3 -7 -3 -7 -3 -7 -3 -7 -2 -7 -2 -7 -2 -6 -2 -6 -2 -6 -1 -6 -1 -6 -1 -6 -1 -5 0 -5 0 -5 0 -5 0 0 0 0 0 0 0 0 0 0 ]
CSI_DATA,AP,00:00:00:00:00:00,-21,11,0,0,0,0,0,0,0,0,0,-94,0,6,2,5030828,0,14,0,0,4.74072,128,[0 0 0 0 0 0 0 0 0 0 0 0 -5 -18 -5 -18 -5 -17 -5 -17 -5 -17 -5 -16 -6 -16 -6 -15 -6 -15 -6 -14 -6 -15 -6 -14 -6 -14 -6 -14 -6 -14 -6 -13 -7 -13 -7 -13 -7 -13 -7 -12 -7 -12 -8 -12 -7 -12 -7 -12 -8 -12 -8 -12 0 0 -8 -12 -8 -12 -7 -12 -7 -12 -7 -12 -6 -12 -6 -12 -6 -12 -5 -12 -5 -12 -4 -12 -4 -12 -4 -11 -3 -11 -3 -11 -3 -11 -2 -10 -2 -10 -2 -10 -1 -9 -1 -9 -1 -9 0 -9 0 -8 0 -8 1 -8 0 0 0 0 0 0 0 0 0 0 ]
I (5070) wifi:<ba-add>idx:2 (ifx:1, 10:b4:1d:cc:60:e0), tid:0, ssn:0, winSize:64
CSI_DATA,AP,10:B4:1D:CC:60:E0,-27,11,1,7,1,1,1,1,0,0,1,-94,0,6,2,5031644,0,68,0,0,4.78922,384,[0 0 0 0 0 0 0 0 0 0 0 0 -8 8 -7 8 -7 8 -7 8 -7 8 -7 7 -7 7 -7 7 -6 7 -6 7 -6 7 -6 7 -5 7 -5 7 -5 7 -5 7 -5 7 -4 7 -4 7 -4 7 -4 7 -4 7 -4 7 -4 8 -4 7 -4 7 0 0 -4 7 -4 7 -4 7 -4 7 -4 7 -4 7 -5 7 -5 6 -5 6 -5 6 -5 6 -5 5 -5 5 -5 5 -5 4 -5 4 -5 4 -5 3 -5 3 -5 3 -5 3 -5 3 -5 2 -5 2 -4 2 -4 1 0 0 0 0 0 0 0 0 0 0 ]
CSI_DATA,AP,10:B4:1D:CC:60:E0,-27,11,1,5,1,1,1,1,0,0,0,-94,0,6,2,5115918,0,68,0,0,4.82568,384,[0 0 0 0 0 0 0 0 0 0 0 0 -11 0 -11 0 -11 0 -11 0 -11 0 -11 1 -10 1 -10 1 -10 1 -10 1 -10 1 -9 1 -9 1 -9 1 -9 2 -9 2 -9 2 -9 2 -8 2 -9 2 -8 2 -8 2 -8 2 -8 2 -8 2 -8 2 0 0 -8 2 -8 2 -8 2 -9 2 -8 2 -8 2 -8 2 -8 1 -8 1 -8 1 -8 1 -8 0 -7 0 -7 0 -7 0 -7 0 -7 -1 -6 -1 -6 -1 -6 -1 -6 -1 -6 -1 -5 -2 -5 -2 -5 -2 -5 -2 0 0 0 0 0 0 0 0 0 0 ]
CSI_DATA,AP,10:B4:1D:CC:60:E0,-27,11,1,7,1,1,1,1,0,0,1,-94,0,6,2,5118474,0,68,0,0,4.8616,384,[0 0 0 0 0 0 0 0 0 0 0 0 11 0 10 0 11 0 10 0 10 -1 10 -1 10 -1 9 -1 9 -1 9 -1 9 -1 9 -1 9 -2 8 -2 8 -2 8 -2 8 -2 8 -2 8 -3 8 -3 8 -3 8 -3 8 -3 8 -3 8 -3 8 -3 0 0 8 -3 8 -3 7 -3 8 -3 8 -2 8 -2 8 -2 7 -2 7 -2 7 -2 7 -1 7 -1 7 -1 6 -1 6 -1 6 0 6 0 6 0 5 0 5 0 5 0 5 0 4 1 4 1 4 1 4 1 0 0 0 0 0 0 0 0 0 0 ]
CSI_DATA,AP,10:B4:1D:CC:60:E0,-27,11,1,7,1,1,1,1,0,0,1,-94,0,6,2,5211274,0,68,0,0,4.92066,384,[0 0 0 0 0 0 0 0 0 0 0 0 -2 11 -1 10 -1 10 -1 10 -1 10 -1 10 -1 9 -1 9 -1 9 0 9 0 9 0 9 0 8 0 8 0 8 1 8 1 8 1 8 1 8 1 8 1 8 1 8 1 8 2 8 2 8 1 8 0 0 1 8 2 8 1 8 1 8 1 8 1 8 1 8 1 8 0 7 0 7 0 7 0 7 0 7 -1 6 -1 6 -1 6 -1 6 -1 5 -1 5 -2 5 -2 5 -2 5 -2 5 -2 4 -2 4 -2 4 0 0 0 0 0 0 0 0 0 0 ]
CSI_DATA,AP,10:B4:1D:CC:60:E0,-26,11,1,7,1,1,1,1,0,0,1,-94,0,6,2,5301338,0,68,0,0,5.01072,384,[0 0 0 0 0 0 0 0 0 0 0 0 10 -3 10 -3 10 -3 9 -3 9 -3 9 -3 9 -3 9 -3 9 -3 8 -4 8 -4 8 -4 8 -4 8 -4 7 -4 8 -4 7 -4 7 -4 7 -5 7 -5 7 -5 7 -5 7 -5 7 -5 7 -5 7 -5 0 0 7 -5 7 -5 7 -5 7 -5 7 -5 7 -4 7 -4 7 -4 7 -4 7 -3 7 -3 7 -3 6 -3 6 -2 6 -2 6 -2 6 -2 6 -1 5 -1 5 -1 5 -1 5 -1 5 -1 5 0 4 0 4 0 0 0 0 0 0 0 0 0 0 0 ]
CSI_DATA,AP,10:B4:1D:CC:60:E0,-26,11,1,7,1,1,1,1,0,0,1,-94,0,6,2,5391338,0,68,0,0,5.10072,384,[0 0 0 0 0 0 0 0 0 0 0 0 8 -7 8 -7 8 -7 8 -7 7 -7 8 -7 7 -7 7 -7 7 -6 7 -7 6 -7 6 -7 6 -7 6 -7 6 -7 6 -7 6 -7 5 -7 5 -7 5 -7 5 -7 5 -7 5 -7 5 -7 5 -8 5 -7 0 0 5 -7 5 -7 5 -7 5 -7 5 -7 5 -7 5 -6 5 -6 6 -6 6 -6 5 -5 5 -5 5 -5 5 -5 5 -4 5 -4 5 -4 5 -3 5 -3 5 -3 5 -2 5 -2 4 -2 4 -2 4 -2 4 -1 0 0 0 0 0 0 0 0 0 0 ]
CSI_DATA,AP,10:B4:1D:CC:60:E0,-26,11,1,7,1,1,1,1,0,0,1,-94,0,6,2,5481403,0,68,0,0,5.1908,384,[0 0 0 0 0 0 0 0 0 0 0 0 -11 -5 -10 -6 -10 -5 -10 -5 -10 -5 -10 -5 -10 -5 -10 -5 -9 -4 -9 -4 -9 -4 -9 -3 -9 -3 -9 -3 -9 -3 -9 -3 -9 -3 -9 -2 -9 -3 -9 -2 -9 -2 -9 -2 -9 -2 -9 -2 -9 -2 -9 -2 0 0 -9 -2 -9 -2 -9 -2 -9 -2 -9 -3 -9 -3 -9 -3 -8 -3 -8 -3 -8 -3 -8 -3 -8 -3 -7 -3 -7 -4 -7 -4 -7 -4 -6 -4 -6 -4 -6 -4 -5 -4 -5 -4 -5 -4 -4 -4 -4 -4 -4 -4 -4 -4 0 0 0 0 0 0 0 0 0 0 ]
CSI_DATA,AP,10:B4:1D:CC:60:E0,-26,11,1,7,1,1,1,1,0,0,1,-94,0,6,2,5571641,0,68,0,0,5.28102,384,[0 0 0 0 0 0 0 0 0 0 0 0 -3 -11 -3 -11 -3 -11 -3 -11 -3 -10 -3 -10 -3 -10 -3 -10 -4 -10 -4 -9 -4 -9 -4 -9 -4 -9 -4 -9 -4 -9 -5 -8 -5 -8 -5 -8 -5 -8 -5 -8 -5 -8 -5 -8 -5 -8 -5 -8 -5 -8 -6 -8 0 0 -5 -8 -5 -8 -5 -8 -5 -8 -5 -8 -5 -8 -4 -8 -4 -8 -4 -8 -4 -8 -4 -8 -4 -8 -3 -7 -3 -7 -3 -7 -3 -7 -2 -7 -2 -7 -2 -6 -2 -6 -1 -6 -1 -6 -1 -6 -1 -6 -1 -6 0 -5 0 0 0 0 0 0 0 0 0 0 ]
CSI_DATA,AP,10:B4:1D:CC:60:E0,-26,11,1,7,1,1,1,1,0,0,1,-94,0,6,2,5661513,0,68,0,0,5.3709,384,[0 0 0 0 0 0 0 0 0 0 0 0 -2 10 -2 10 -2 10 -1 10 -2 10 -2 10 -2 9 -1 9 -1 9 -1 9 -1 9 -1 9 0 9 0 9 0 9 0 9 0 8 0 8 1 8 1 8 1 8 1 8 1 8 1 8 1 8 1 8 0 0 1 8 1 8 1 8 1 8 0 8 0 8 0 8 0 8 -1 8 -1 8 -1 7 -1 7 -1 7 -1 7 -2 6 -2 6 -2 6 -2 5 -2 5 -2 5 -2 5 -3 5 -3 5 -3 4 -3 4 -3 4 0 0 0 0 0 0 0 0 0 0 ]
CSI_DATA,AP,10:B4:1D:CC:60:E0,-26,11,1,7,1,1,1,1,0,0,1,-94,0,6,2,5751514,0,68,0,0,5.46089,384,[0 0 0 0 0 0 0 0 0 0 0 0 -9 6 -9 6 -9 6 -9 6 -9 6 -8 6 -8 6 -8 6 -8 6 -7 6 -7 6 -7 6 -7 6 -6 6 -7 6 -6 6 -6 6 -6 6 -6 6 -6 6 -6 6 -6 7 -6 7 -5 7 -5 7 -5 7 0 0 -6 6 -6 7 -5 6 -6 7 -6 6 -6 6 -6 6 -6 6 -6 5 -6 5 -6 5 -6 5 -6 5 -6 4 -6 4 -6 3 -6 3 -6 3 -6 3 -6 2 -6 2 -6 2 -5 2 -5 2 -5 1 -5 1 0 0 0 0 0 0 0 0 0 0 ]
CSI_DATA,AP,10:B4:1D:CC:60:E0,-27,11,1,7,1,1,1,1,0,0,1,-94,0,6,2,5841411,0,68,0,0,5.55079,384,[0 0 0 0 0 0 0 0 0 0 0 0 10 -1 10 -1 10 -1 10 -1 9 -1 10 -1 9 -1 9 -1 9 -1 9 -2 9 -2 9 -2 8 -2 8 -2 8 -2 8 -2 8 -3 8 -3 8 -3 8 -3 8 -3 8 -3 8 -3 8 -4 7 -4 7 -4 0 0 8 -3 8 -3 8 -3 8 -3 8 -3 8 -3 8 -2 8 -2 8 -2 7 -2 7 -2 7 -2 7 -1 7 -1 6 -1 6 -1 6 0 6 0 6 0 5 0 5 0 5 0 5 1 4 1 5 1 4 1 0 0 0 0 0 0 0 0 0 0 ]
CSI_DATA,AP,10:B4:1D:CC:60:E0,-21,11,0,0,0,0,0,0,0,0,0,-94,0,6,2,5875903,0,66,0,0,5.58535,128,[0 0 0 0 0 0 0 0 0 0 0 0 -9 15 -9 15 -9 14 -8 14 -8 14 -8 14 -8 14 -7 14 -7 13 -6 13 -6 13 -6 13 -6 13 -5 13 -5 13 -5 13 -4 13 -4 13 -4 13 -4 13 -4 13 -4 13 -3 13 -3 13 -3 13 -3 13 0 0 -3 13 -3 13 -4 13 -4 13 -4 13 -4 13 -4 13 -4 12 -5 12 -4 12 -5 11 -5 11 -5 10 -5 10 -5 9 -5 9 -6 8 -6 8 -6 8 -6 7 -6 7 -6 6 -6 6 -6 6 -6 5 -6 5 0 0 0 0 0 0 0 0 0 0 ]
CSI_DATA,AP,10:B4:1D:CC:60:E0,-27,11,1,7,1,1,1,1,0,0,1,-94,0,6,2,5931437,0,68,0,0,5.6408,384,[0 0 0 0 0 0 0 0 0 0 0 0 11 -1 11 -1 11 -1 10 -1 10 -1 10 -1 10 -1 10 -2 9 -2 9 -2 9 -2 9 -2 9 -3 9 -3 9 -3 9 -3 8 -3 8 -3 8 -3 8 -3 8 -3 8 -4 8 -4 8 -4 8 -4 8 -4 0 0 8 -4 8 -4 8 -4 8 -4 8 -4 8 -3 8 -3 8 -3 8 -3 8 -3 7 -2 7 -2 7 -2 7 -2 7 -2 7 -1 6 -1 6 -1 6 -1 5 0 6 0 5 0 5 0 5 0 5 1 4 1 0 0 0 0 0 0 0 0 0 0 ]
CSI_DATA,AP,10:B4:1D:CC:60:E0,-27,11,1,7,1,1,1,1,0,0,1,-94,0,6,2,6021429,0,68,0,0,5.73081,384,[0 0 0 0 0 0 0 0 0 0 0 0 0 11 0 10 0 11 0 10 0 10 0 10 0 9 0 9 1 9 1 9 1 9 1 9 1 9 1 8 1 8 2 8 2 8 2 8 2 8 2 8 2 8 2 8 2 8 2 8 3 8 2 8 0 0 2 8 2 8 2 8 2 8 2 8 2 8 2 8 1 8 1 8 1 7 1 7 0 7 0 7 0 7 0 6 0 6 -1 6 -1 6 -1 5 -1 5 -1 5 -2 5 -2 5 -2 5 -2 4 -2 4 0 0 0 0 0 0 0 0 0 0 ]
CSI_DATA,AP,10:B4:1D:CC:60:E0,-27,11,1,7,1,1,1,1,0,0,1,-94,0,6,2,6111916,0,68,0,0,5.8213,384,[0 0 0 0 0 0 0 0 0 0 0 0 -5 -11 -5 -10 -6 -10 -5 -10 -5 -10 -5 -10 -5 -9 -5 -9 -5 -9 -6 -9 -6 -8 -6 -8 -6 -8 -6 -8 -6 -8 -6 -8 -6 -7 -6 -7 -7 -7 -7 -7 -6 -7 -7 -7 -7 -7 -7 -7 -7 -7 -7 -7 0 0 -7 -7 -7 -7 -7 -7 -6 -7 -6 -7 -6 -7 -6 -7 -6 -7 -6 -7 -5 -7 -5 -7 -5 -7 -4 -7 -4 -7 -4 -6 -4 -6 -3 -7 -3 -6 -3 -6 -3 -6 -3 -6 -2 -6 -2 -6 -2 -6 -1 -5 -1 -5 0 0 0 0 0 0 0 0 0 0 ]
CSI_DATA,AP,10:B4:1D:CC:60:E0,-27,11,1,7,1,1,1,1,0,0,1,-94,0,6,2,6201418,0,68,0,0,5.9108,384,[0 0 0 0 0 0 0 0 0 0 0 0 -1 -12 -1 -11 -1 -11 -1 -11 -1 -11 -1 -11 -1 -11 -1 -10 -2 -10 -2 -10 -2 -10 -2 -10 -2 -10 -2 -9 -3 -9 -3 -9 -3 -9 -3 -9 -3 -9 -3 -9 -3 -9 -3 -9 -3 -9 -4 -9 -4 -9 -3 -9 0 0 -3 -9 -4 -9 -4 -9 -3 -9 -3 -9 -3 -9 -3 -9 -2 -9 -2 -8 -2 -8 -2 -8 -2 -8 -1 -8 -1 -7 -1 -7 -1 -7 -1 -7 -1 -7 0 -6 0 -6 0 -6 0 -6 1 -6 1 -5 1 -5 1 -5 0 0 0 0 0 0 0 0 0 0 ]
CSI_DATA,AP,10:B4:1D:CC:60:E0,-27,11,1,7,1,1,1,1,0,0,1,-94,0,6,2,6291341,0,68,0,0,6.00072,384,[0 0 0 0 0 0 0 0 0 0 0 0 -4 10 -4 10 -4 10 -4 10 -3 10 -3 10 -3 10 -3 9 -3 9 -2 9 -2 9 -2 9 -2 9 -2 9 -1 9 -1 9 -1 9 -1 8 -1 9 -1 9 0 8 0 9 0 8 0 9 0 8 0 8 0 0 0 9 0 8 0 9 0 8 0 8 -1 8 -1 8 -1 8 -1 8 -1 8 -1 7 -2 7 -2 7 -2 7 -2 6 -2 6 -3 6 -2 6 -2 5 -3 5 -3 5 -3 5 -3 4 -3 4 -3 4 -3 3 0 0 0 0 0 0 0 0 0 0 ]
CSI_DATA,AP,10:B4:1D:CC:60:E0,-28,11,1,7,1,1,1,1,0,0,1,-94,0,6,2,6381436,0,68,0,0,6.09082,384,[0 0 0 0 0 0 0 0 0 0 0 0 3 10 3 10 3 10 3 10 3 10 3 9 3 9 3 9 3 9 3 9 3 8 3 8 3 8 4 8 4 8 4 8 4 7 4 7 4 7 4 7 4 7 4 7 4 7 5 7 5 7 5 7 0 0 4 7 4 7 4 7 4 7 4 7 4 7 4 7 3 7 3 7 3 7 3 7 2 7 2 7 2 6 2 6 1 6 1 6 1 6 1 6 0 5 0 5 0 5 0 5 -1 5 -1 4 -1 4 0 0 0 0 0 0 0 0 0 0 ]
CSI_DATA,AP,10:B4:1D:CC:60:E0,-28,11,1,7,1,1,1,1,0,0,1,-94,0,6,2,6471338,0,68,0,0,6.18073,384,[0 0 0 0 0 0 0 0 0 0 0 0 10 -6 10 -5 10 -5 9 -5 9 -5 9 -5 8 -5 8 -5 8 -5 8 -6 8 -6 7 -6 7 -6 7 -6 7 -6 7 -6 7 -6 6 -6 6 -6 6 -6 6 -6 6 -7 6 -7 6 -7 6 -7 6 -6 0 0 6 -7 6 -7 6 -6 6 -6 6 -6 6 -6 6 -6 6 -6 6 -5 6 -5 6 -5 6 -4 6 -4 6 -4 6 -4 5 -3 6 -3 5 -3 5 -3 5 -2 5 -2 5 -2 5 -2 5 -1 4 -1 4 -1 0 0 0 0 0 0 0 0 0 0 ]
CSI_DATA,AP,10:B4:1D:CC:60:E0,-28,11,1,7,1,1,1,1,0,0,1,-94,0,6,2,6561380,0,68,0,0,6.27076,384,[0 0 0 0 0 0 0 0 0 0 0 0 4 10 4 10 4 10 4 10 4 9 3 9 4 9 3 9 4 9 4 8 4 8 4 8 4 8 4 8 4 7 4 7 4 7 5 7 5 7 5 7 5 7 5 7 5 6 5 6 5 6 5 6 0 0 5 7 5 7 5 7 4 7 4 7 4 7 4 7 3 7 3 7 3 7 3 6 3 7 2 6 2 6 2 6 2 6 1 6 1 5 1 5 0 5 0 5 0 5 0 5 0 5 -1 5 -1 4 0 0 0 0 0 0 0 0 0 0 ]
CSI_DATA,AP,10:B4:1D:CC:60:E0,-27,11,1,7,1,1,1,1,0,0,1,-94,0,6,2,6655336,0,68,0,0,6.36472,384,[0 0 0 0 0 0 0 0 0 0 0 0 3 -11 3 -11 3 -11 3 -11 3 -11 3 -11 3 -10 2 -10 2 -10 2 -10 2 -10 1 -10 1 -10 1 -10 1 -9 1 -10 0 -9 0 -9 0 -10 0 -10 0 -9 0 -9 0 -9 0 -10 0 -10 0 -9 0 0 0 -9 0 -10 0 -9 0 -9 0 -10 0 -9 1 -9 1 -9 1 -9 1 -8 2 -8 2 -8 2 -8 2 -7 2 -7 2 -7 2 -7 2 -6 2 -6 2 -6 2 -6 2 -5 3 -5 3 -5 3 -4 3 -4 0 0 0 0 0 0 0 0 0 0 ]
CSI_DATA,AP,10:B4:1D:CC:60:E0,-27,11,1,7,1,1,1,1,0,0,1,-94,0,6,2,6741498,0,68,0,0,6.45087,384,[0 0 0 0 0 0 0 0 0 0 0 0 -3 -12 -3 -12 -3 -11 -3 -11 -3 -11 -3 -11 -3 -10 -3 -10 -3 -10 -4 -10 -4 -9 -4 -9 -4 -9 -4 -9 -4 -9 -4 -9 -4 -9 -4 -8 -5 -8 -5 -8 -5 -8 -5 -8 -5 -8 -5 -8 -5 -8 -5 -8 0 0 -5 -8 -5 -8 -5 -8 -5 -8 -5 -9 -4 -9 -4 -9 -4 -8 -3 -8 -3 -8 -4 -8 -3 -8 -3 -8 -2 -8 -2 -7 -2 -7 -2 -7 -2 -7 -1 -6 -1 -6 -1 -6 -1 -6 -1 -6 0 -6 0 -5 0 -5 0 0 0 0 0 0 0 0 0 0 ]
CSI_DATA,AP,10:B4:1D:CC:60:E0,-27,11,1,7,1,1,1,1,0,0,1,-94,0,6,2,6831433,0,68,0,0,6.54082,384,[0 0 0 0 0 0 0 0 0 0 0 0 -11 1 -11 1 -11 1 -11 1 -11 1 -11 2 -10 1 -10 1 -10 1 -10 2 -9 2 -9 2 -9 2 -9 2 -9 2 -9 2 -9 3 -8 3 -8 3 -8 3 -8 3 -8 3 -8 3 -8 4 -8 4 -8 4 0 0 -9 4 -8 3 -8 3 -8 3 -8 3 -8 3 -8 3 -8 2 -8 2 -8 2 -8 2 -8 2 -7 1 -7 1 -7 1 -7 0 -7 1 -7 0 -6 0 -6 0 -6 0 -6 -1 -6 -1 -5 -1 -5 -1 -5 -2 0 0 0 0 0 0 0 0 0 0 ]
CSI_DATA,AP,10:B4:1D:CC:60:E0,-22,11,0,0,0,0,0,0,0,0,0,-94,0,6,2,6875943,0,66,0,0,6.58539,128,[0 0 0 0 0 0 0 0 0 0 0 0 -9 15 -8 16 -8 15 -8 15 -8 15 -7 14 -7 14 -7 14 -7 14 -6 13 -5 14 -5 13 -5 14 -5 14 -5 13 -5 13 -4 13 -4 13 -4 13 -4 13 -4 13 -4 13 -3 13 -3 13 -3 13 -3 13 0 0 -4 13 -4 13 -4 13 -4 13 -4 13 -5 12 -5 12 -5 12 -6 12 -5 11 -5 11 -5 11 -6 10 -6 10 -6 9 -6 8 -6 8 -6 8 -6 7 -6 7 -6 7 -7 6 -6 6 -6 5 -6 5 -7 4 0 0 0 0 0 0 0 0 0 0 ]
CSI_DATA,AP,10:B4:1D:CC:60:E0,-27,11,1,7,1,1,1,1,0,0,1,-94,0,6,2,6921366,0,68,0,0,6.63072,384,[0 0 0 0 0 0 0 0 0 0 0 0 4 10 4 10 4 10 4 9 4 9 4 9 4 9 4 8 4 8 4 8 4 8 4 8 4 7 4 8 4 7 4 7 4 7 4 7 5 7 5 7 5 6 5 7 5 6 5 7 5 6 5 6 0 0 5 7 5 6 4 7 5 7 4 7 4 7 4 7 4 7 3 7 3 6 3 6 3 6 2 6 2 6 2 6 2 6 1 6 1 5 1 5 1 5 1 5 0 5 0 5 0 4 0 4 -1 4 0 0 0 0 0 0 0 0 0 0 ]
CSI_DATA,AP,10:B4:1D:CC:60:E0,-27,11,1,7,1,1,1,1,0,0,1,-94,0,6,2,7012236,0,68,0,0,6.72162,384,[0 0 0 0 0 0 0 0 0 0 0 0 -8 8 -8 8 -8 8 -7 8 -7 8 -7 8 -7 8 -7 8 -6 8 -6 8 -6 8 -6 7 -5 8 -5 8 -5 7 -5 7 -4 7 -4 7 -4 8 -4 8 -4 8 -4 8 -4 8 -4 8 -4 8 -4 8 0 0 -4 7 -4 8 -4 8 -4 8 -4 7 -5 7 -4 7 -5 7 -5 6 -5 6 -5 6 -5 6 -5 6 -5 5 -5 5 -5 5 -5 5 -5 4 -5 4 -5 3 -5 3 -5 3 -5 3 -5 2 -5 2 -5 2 0 0 0 0 0 0 0 0 0 0 ]
CSI_DATA,AP,10:B4:1D:CC:60:E0,-26,11,1,7,1,1,1,1,0,0,1,-94,0,6,2,7101492,0,68,0,0,6.81087,384,[0 0 0 0 0 0 0 0 0 0 0 0 -9 -8 -8 -8 -8 -8 -8 -8 -8 -8 -8 -7 -8 -8 -8 -7 -8 -7 -8 -7 -8 -6 -8 -6 -8 -6 -8 -6 -8 -6 -8 -5 -8 -5 -8 -5 -8 -5 -8 -5 -8 -5 -8 -5 -8 -5 -8 -5 -8 -5 -8 -5 0 0 -8 -5 -8 -5 -8 -5 -8 -5 -8 -5 -8 -6 -7 -5 -7 -6 -7 -6 -7 -6 -7 -6 -6 -6 -6 -6 -5 -6 -5 -6 -5 -6 -5 -6 -4 -5 -4 -5 -4 -5 -3 -5 -3 -6 -3 -5 -3 -5 -2 -5 -2 -5 0 0 0 0 0 0 0 0 0 0 ]
CSI_DATA,AP,10:B4:1D:CC:60:E0,-25,11,1,7,1,1,1,1,0,0,1,-94,0,6,2,7191619,0,68,0,0,6.901,384,[0 0 0 0 0 0 0 0 0 0 0 0 -6 -10 -6 -10 -6 -10 -6 -10 -6 -9 -6 -9 -6 -9 -6 -9 -5 -9 -6 -8 -6 -8 -6 -8 -6 -8 -6 -7 -6 -8 -6 -7 -6 -7 -6 -7 -7 -7 -7 -7 -7 -7 -7 -7 -7 -6 -7 -6 -7 -6 -7 -6 0 0 -7 -7 -7 -7 -7 -7 -6 -7 -6 -7 -6 -7 -6 -7 -6 -7 -6 -7 -5 -7 -5 -7 -5 -7 -4 -7 -4 -7 -4 -6 -4 -7 -3 -6 -3 -6 -3 -6 -2 -6 -2 -6 -2 -6 -2 -6 -2 -5 -2 -5 -1 -5 0 0 0 0 0 0 0 0 0 0 ]
CSI_DATA,AP,10:B4:1D:CC:60:E0,-25,11,1,7,1,1,1,1,0,0,1,-93,0,6,2,7281390,0,68,0,0,6.99077,384,[0 0 0 0 0 0 0 0 0 0 0 0 9 5 9 5 9 4 9 4 8 4 9 4 8 4 8 4 8 4 8 3 8 3 8 3 8 3 8 2 8 2 8 2 8 2 8 2 8 2 8 2 8 2 8 2 8 1 8 1 8 1 8 1 0 0 8 1 8 1 8 1 8 1 8 2 8 2 8 2 7 3 7 2 7 2 7 2 6 2 6 3 6 3 6 3 6 3 5 3 5 3 4 3 4 3 4 3 4 3 3 3 3 3 3 3 3 3 0 0 0 0 0 0 0 0 0 0 ]
CSI_DATA,AP,10:B4:1D:CC:60:E0,-26,11,1,7,1,1,1,1,0,0,1,-93,0,6,2,7372924,0,68,0,0,7.0823,384,[0 0 0 0 0 0 0 0 0 0 0 0 9 -5 9 -5 9 -5 9 -5 8 -5 8 -5 8 -5 8 -5 8 -5 7 -5 8 -5 7 -5 7 -5 7 -6 7 -6 6 -6 6 -6 6 -6 6 -6 6 -6 6 -6 6 -6 6 -7 6 -7 5 -7 6 -7 0 0 6 -7 5 -7 6 -7 6 -6 6 -6 6 -6 6 -6 6 -6 6 -5 6 -5 6 -5 6 -5 6 -5 6 -4 5 -4 5 -4 5 -4 5 -3 5 -3 5 -3 5 -3 5 -2 5 -2 4 -2 4 -1 4 -1 0 0 0 0 0 0 0 0 0 0 ]
CSI_DATA,AP,10:B4:1D:CC:60:E0,-26,11,1,7,1,1,1,1,0,0,1,-93,0,6,2,7463268,0,68,0,0,7.17265,384,[0 0 0 0 0 0 0 0 0 0 0 0 6 9 6 9 6 9 6 8 6 8 6 8 6 7 6 7 5 7 6 7 6 7 6 6 6 6 6 6 6 6 6 6 6 5 6 5 6 5 6 5 6 5 6 5 6 5 7 5 7 5 7 5 0 0 7 5 6 5 6 5 6 5 6 5 6 5 6 5 6 5 5 5 5 5 5 5 5 5 4 5 4 5 4 5 4 5 3 5 3 5 3 5 3 5 2 5 2 5 2 5 1 4 1 4 1 4 0 0 0 0 0 0 0 0 0 0 ]
CSI_DATA,AP,10:B4:1D:CC:60:E0,-27,11,1,7,1,1,1,1,0,0,1,-93,0,6,2,7552418,0,68,0,0,7.2618,384,[0 0 0 0 0 0 0 0 0 0 0 0 9 -6 9 -6 9 -5 9 -5 8 -5 8 -6 8 -5 8 -5 8 -5 7 -6 7 -6 7 -6 7 -6 7 -6 7 -6 6 -6 6 -6 6 -6 6 -6 6 -6 6 -6 6 -6 6 -6 6 -7 5 -7 6 -7 0 0 6 -6 6 -6 6 -6 6 -6 6 -6 6 -6 6 -6 6 -5 6 -5 6 -5 6 -4 6 -4 6 -5 6 -4 6 -3 5 -3 5 -3 5 -3 5 -2 5 -2 5 -2 5 -2 4 -2 4 -1 4 -1 4 -1 0 0 0 0 0 0 0 0 0 0 ]
CSI_DATA,AP,10:B4:1D:CC:60:E0,-27,11,1,7,1,1,1,1,0,0,1,-93,0,6,2,7641315,0,68,0,0,7.3507,384,[0 0 0 0 0 0 0 0 0 0 0 0 -10 -7 -10 -6 -9 -6 -9 -6 -9 -6 -9 -6 -9 -6 -9 -6 -9 -5 -9 -5 -9 -5 -9 -5 -9 -4 -9 -4 -9 -4 -8 -4 -9 -4 -9 -3 -9 -3 -9 -3 -9 -3 -9 -3 -9 -3 -9 -3 -9 -3 -9 -3 0 0 -9 -3 -9 -3 -9 -3 -9 -3 -8 -4 -8 -4 -8 -4 -8 -4 -8 -4 -8 -4 -7 -4 -7 -4 -7 -4 -7 -4 -6 -4 -6 -4 -6 -4 -6 -4 -5 -4 -5 -4 -5 -4 -4 -4 -4 -4 -4 -4 -4 -4 -3 -4 0 0 0 0 0 0 0 0 0 0 ]
CSI_DATA,AP,10:B4:1D:CC:60:E0,-28,11,1,7,1,1,1,1,0,0,1,-93,0,6,2,7731408,0,68,0,0,7.44079,384,[0 0 0 0 0 0 0 0 0 0 0 0 -3 -11 -3 -11 -3 -11 -3 -11 -3 -10 -3 -10 -3 -10 -3 -10 -3 -10 -3 -9 -3 -9 -3 -9 -4 -9 -4 -9 -4 -9 -4 -8 -4 -8 -4 -8 -5 -8 -4 -8 -4 -8 -5 -8 -4 -8 -5 -8 -5 -8 -5 -8 0 0 -5 -8 -5 -8 -5 -8 -4 -7 -4 -8 -4 -8 -4 -8 -4 -8 -4 -8 -3 -8 -3 -7 -3 -8 -3 -7 -2 -7 -2 -7 -2 -7 -2 -7 -2 -6 -1 -6 -1 -6 -1 -6 -1 -6 0 -6 0 -5 0 -5 0 -5 0 0 0 0 0 0 0 0 0 0 ]
CSI_DATA,AP,10:B4:1D:CC:60:E0,-28,11,1,7,1,1,1,1,0,0,1,-93,0,6,2,7821512,0,68,0,0,7.53089,384,[0 0 0 0 0 0 0 0 0 0 0 0 -2 -12 -2 -11 -2 -11 -2 -11 -2 -11 -2 -11 -2 -11 -2 -10 -2 -10 -3 -10 -3 -10 -3 -9 -3 -9 -3 -9 -3 -9 -4 -9 -4 -9 -4 -9 -4 -9 -4 -9 -4 -9 -4 -8 -4 -8 -4 -9 -4 -8 -4 -8 0 0 -4 -8 -4 -9 -4 -8 -4 -8 -4 -9 -3 -9 -3 -9 -3 -8 -2 -8 -2 -8 -2 -8 -2 -8 -2 -8 -2 -8 -1 -7 -1 -7 -1 -7 -1 -7 -1 -6 -1 -6 0 -6 0 -6 0 -6 1 -5 0 -5 1 -5 0 0 0 0 0 0 0 0 0 0 ]
CSI_DATA,AP,10:B4:1D:CC:60:E0,-28,11,1,7,1,1,1,1,0,0,1,-93,0,6,2,7911465,0,68,0,0,7.62085,384,[0 0 0 0 0 0 0 0 0 0 0 0 -12 0 -11 0 -11 0 -11 0 -11 0 -11 1 -10 1 -10 1 -10 1 -10 1 -9 1 -9 1 -9 1 -9 1 -9 1 -9 2 -9 2 -9 2 -9 2 -8 2 -8 2 -8 2 -9 3 -8 2 -8 3 -8 2 0 0 -9 2 -8 2 -8 2 -9 2 -8 2 -8 2 -8 2 -8 1 -8 1 -8 1 -8 1 -8 0 -7 0 -7 0 -7 0 -7 0 -7 0 -6 -1 -6 -1 -6 -1 -6 -1 -6 -1 -5 -1 -5 -2 -5 -2 -5 -2 0 0 0 0 0 0 0 0 0 0 ]
CSI_DATA,AP,10:B4:1D:CC:60:E0,-28,11,1,7,1,1,1,1,0,0,1,-93,0,6,2,8001455,0,68,0,0,7.71084,384,[0 0 0 0 0 0 0 0 0 0 0 0 6 9 6 9 6 8 6 8 5 8 5 8 5 8 5 7 5 7 6 7 6 7 5 6 6 6 6 6 6 6 6 6 6 5 6 5 6 5 6 5 6 5 6 5 6 5 7 5 6 5 6 5 0 0 6 5 6 5 6 5 6 5 6 5 6 5 6 6 5 5 5 5 5 5 5 5 4 6 4 5 4 5 3 5 3 5 3 5 3 5 2 5 2 4 2 5 2 4 1 4 1 4 1 4 1 4 0 0 0 0 0 0 0 0 0 0 ]
CSI_DATA,AP,10:B4:1D:CC:60:E0,-28,11,1,7,1,1,1,1,0,0,1,-93,0,6,2,8092091,0,68,0,0,7.80147,384,[0 0 0 0 0 0 0 0 0 0 0 0 -11 2 -11 2 -11 2 -10 2 -10 2 -10 2 -10 1 -10 2 -10 2 -9 2 -9 3 -9 3 -9 2 -8 3 -8 3 -8 4 -8 3 -8 4 -8 3 -7 3 -8 3 -7 3 -7 4 -8 4 -8 4 -8 3 0 0 -8 3 -8 4 -8 4 -7 3 -8 2 -8 3 -8 3 -8 2 -8 2 -8 2 -7 2 -8 2 -7 1 -7 1 -7 1 -7 1 -7 1 -6 0 -6 0 -6 0 -6 0 -6 0 -6 -1 -5 -1 -5 -1 -5 -2 0 0 0 0 0 0 0 0 0 0 ]
CSI_DATA,AP,10:B4:1D:CC:60:E0,-28,11,1,7,1,1,1,1,0,0,1,-93,0,6,2,8181333,0,68,0,0,7.89071,384,[0 0 0 0 0 0 0 0 0 0 0 0 10 -3 10 -3 10 -3 10 -3 10 -3 9 -3 9 -3 9 -3 9 -3 9 -4 9 -4 8 -4 8 -4 8 -4 8 -4 8 -4 7 -4 7 -4 7 -5 7 -5 7 -5 7 -4 7 -5 7 -5 7 -5 7 -5 0 0 7 -4 7 -5 7 -4 7 -4 7 -4 7 -4 7 -4 7 -3 7 -3 7 -3 7 -3 7 -3 6 -2 6 -2 6 -2 6 -2 6 -1 6 -1 5 -1 5 -1 5 0 5 0 5 0 4 0 4 0 4 0 0 0 0 0 0 0 0 0 0 0 ]
CSI_DATA,AP,10:B4:1D:CC:60:E0,-27,11,1,7,1,1,1,1,0,0,1,-93,0,6,2,8271433,0,68,0,0,7.98081,384,[0 0 0 0 0 0 0 0 0 0 0 0 -2 10 -2 10 -2 10 -2 10 -2 10 -2 9 -2 9 -2 9 -2 9 -1 9 -1 9 -1 8 -1 9 -1 8 0 8 0 8 0 8 0 8 0 8 0 8 0 8 0 8 0 8 1 8 0 8 0 8 0 0 0 8 0 8 0 8 0 8 0 8 0 8 0 8 -1 8 -1 7 -1 7 -1 7 -1 7 -2 6 -2 6 -2 6 -2 6 -2 6 -2 5 -2 5 -2 5 -3 4 -2 4 -3 4 -3 4 -3 4 -3 3 0 0 0 0 0 0 0 0 0 0 ]
CSI_DATA,AP,10:B4:1D:CC:60:E0,-27,11,1,7,1,1,1,1,0,0,1,-93,0,6,2,8361397,0,68,0,0,8.07078,384,[0 0 0 0 0 0 0 0 0 0 0 0 6 9 6 8 6 8 5 8 5 8 5 8 5 7 5 7 5 7 5 7 6 6 5 6 6 6 6 6 6 6 6 6 6 5 6 5 6 5 6 5 6 5 6 5 6 5 6 5 6 5 6 5 0 0 6 5 6 5 6 5 6 5 6 5 6 5 5 6 5 6 5 5 5 5 4 5 4 5 4 5 4 5 3 5 3 5 3 5 3 5 2 5 2 4 2 5 1 4 1 4 1 4 1 4 0 4 0 0 0 0 0 0 0 0 0 0 ]
CSI_DATA,AP,10:B4:1D:CC:60:E0,-26,11,1,7,1,1,1,1,0,0,1,-93,0,6,2,8451379,0,68,0,0,8.16076,384,[0 0 0 0 0 0 0 0 0 0 0 0 11 -2 10 -2 10 -2 10 -2 10 -2 9 -2 9 -2 9 -2 9 -2 9 -3 8 -3 8 -3 8 -3 8 -3 8 -3 8 -3 8 -4 8 -4 7 -4 7 -4 7 -4 7 -4 7 -4 7 -4 7 -4 7 -4 0 0 7 -4 7 -4 7 -4 7 -4 7 -4 7 -3 7 -3 7 -3 7 -3 7 -3 7 -3 7 -2 7 -2 6 -2 6 -2 6 -1 6 -1 6 -1 5 -1 5 0 5 0 5 0 5 0 4 0 4 0 4 1 0 0 0 0 0 0 0 0 0 0 ]
CSI_DATA,AP,10:B4:1D:CC:60:E0,-26,11,1,7,1,1,1,1,0,0,1,-93,0,6,2,8541471,0,68,0,0,8.25085,384,[0 0 0 0 0 0 0 0 0 0 0 0 -10 6 -10 6 -9 6 -9 6 -9 6 -9 6 -8 6 -8 5 -8 5 -8 6 -8 5 -7 6 -7 6 -7 6 -7 6 -7 6 -6 6 -6 6 -6 6 -6 6 -6 6 -6 6 -6 6 -6 6 -6 7 -6 6 0 0 -6 6 -6 6 -6 6 -6 6 -6 6 -6 6 -6 6 -6 6 -6 5 -6 5 -6 5 -6 5 -6 4 -6 4 -6 4 -6 3 -6 3 -6 3 -6 3 -6 2 -5 2 -5 2 -5 2 -5 1 -5 1 -5 1 0 0 0 0 0 0 0 0 0 0 ]
CSI_DATA,AP,10:B4:1D:CC:60:E0,-26,11,1,7,1,1,1,1,0,0,1,-93,0,6,2,8631420,0,68,0,0,8.34081,384,[0 0 0 0 0 0 0 0 0 0 0 0 -11 4 -10 4 -10 4 -10 4 -10 4 -10 4 -9 4 -9 4 -9 4 -9 4 -9 4 -8 4 -8 4 -8 4 -8 5 -8 5 -8 5 -7 5 -7 5 -7 5 -7 5 -7 5 -7 5 -7 5 -7 5 -7 5 0 0 -7 5 -7 5 -7 5 -7 5 -7 5 -7 5 -7 5 -7 4 -7 4 -7 4 -7 3 -7 4 -7 3 -7 3 -7 2 -6 2 -6 2 -6 2 -6 2 -6 1 -6 1 -6 1 -6 1 -6 1 -5 0 -5 0 0 0 0 0 0 0 0 0 0 0 ]
CSI_DATA,AP,10:B4:1D:CC:60:E0,-26,11,1,7,1,1,1,1,0,0,1,-93,0,6,2,8721451,0,68,0,0,8.43083,384,[0 0 0 0 0 0 0 0 0 0 0 0 6 9 6 9 6 8 5 8 5 8 6 8 5 8 5 8 5 7 6 7 6 7 6 7 6 6 6 6 6 6 6 6 6 6 6 6 6 6 6 6 6 5 6 5 6 5 6 5 6 5 6 5 0 0 6 5 6 6 6 6 6 5 6 6 6 6 5 6 5 6 5 6 5 6 5 6 4 6 4 6 4 6 3 6 3 5 3 5 3 5 2 5 2 5 2 5 1 5 1 5 1 5 1 4 0 4 0 0 0 0 0 0 0 0 0 0 ]
CSI_DATA,AP,10:B4:1D:CC:60:E0,-26,11,1,7,1,1,1,1,0,0,1,-93,0,6,2,8811457,0,68,0,0,8.52084,384,[0 0 0 0 0 0 0 0 0 0 0 0 10 2 10 2 10 2 10 2 10 2 9 2 9 1 9 2 9 1 9 1 9 1 9 1 9 1 8 1 8 0 8 0 8 0 8 0 8 0 8 0 8 0 8 -1 8 -1 8 -1 8 -1 8 -1 0 0 8 -1 8 -1 8 -1 8 0 8 0 8 0 8 0 8 0 8 0 8 1 7 1 7 1 7 1 6 1 7 1 6 1 6 2 5 2 5 2 5 2 5 2 4 2 4 2 4 2 4 2 3 3 0 0 0 0 0 0 0 0 0 0 ]
CSI_DATA,AP,10:B4:1D:CC:60:E0,-26,11,1,7,1,1,1,1,0,0,1,-93,0,6,2,8901844,0,68,0,0,8.61122,384,[0 0 0 0 0 0 0 0 0 0 0 0 -12 0 -11 0 -11 0 -11 0 -11 0 -11 0 -11 0 -10 1 -10 1 -10 1 -10 1 -10 1 -10 1 -9 2 -9 2 -9 2 -9 2 -9 2 -9 2 -9 3 -8 2 -9 2 -9 3 -9 3 -8 3 -8 3 0 0 -9 3 -9 3 -8 2 -9 3 -9 2 -9 2 -9 2 -9 2 -9 2 -8 1 -8 1 -8 1 -8 1 -8 0 -8 0 -7 0 -7 0 -7 0 -7 0 -6 -1 -6 -1 -6 -1 -6 -1 -6 -1 -6 -2 -5 -2 0 0 0 0 0 0 0 0 0 0 ]
CSI_DATA,AP,10:B4:1D:CC:60:E0,-26,11,1,7,1,1,1,1,0,0,1,-93,0,6,2,8991491,0,68,0,0,8.70087,384,[0 0 0 0 0 0 0 0 0 0 0 0 -7 -10 -6 -9 -7 -9 -6 -9 -6 -9 -6 -9 -6 -8 -6 -8 -6 -8 -7 -8 -6 -8 -6 -7 -7 -7 -7 -7 -7 -7 -7 -7 -7 -6 -7 -6 -7 -6 -7 -6 -7 -6 -7 -6 -7 -6 -7 -6 -7 -6 -7 -6 0 0 -7 -6 -7 -6 -7 -6 -7 -6 -7 -6 -7 -7 -7 -6 -6 -6 -6 -6 -6 -6 -6 -6 -5 -6 -5 -6 -5 -6 -5 -6 -4 -6 -4 -6 -4 -6 -3 -6 -3 -6 -3 -6 -3 -6 -2 -6 -2 -5 -2 -5 -2 -5 0 0 0 0 0 0 0 0 0 0 ]
CSI_DATA,AP,10:B4:1D:CC:60:E0,-26,11,1,7,1,1,1,1,0,0,1,-93,0,6,2,9081328,0,68,0,0,8.79071,384,[0 0 0 0 0 0 0 0 0 0 0 0 10 4 9 4 9 4 9 4 9 4 9 4 9 3 8 4 8 3 9 3 8 2 8 2 8 2 8 2 8 2 8 2 8 1 8 1 8 1 8 1 8 1 8 1 8 0 8 0 8 0 8 0 0 0 8 1 8 1 8 1 8 1 8 1 8 1 8 1 7 2 7 2 7 2 7 2 7 2 6 2 6 2 6 2 6 2 5 2 5 2 5 2 4 2 4 3 4 3 4 3 3 3 3 3 3 3 0 0 0 0 0 0 0 0 0 0 ]
CSI_DATA,AP,10:B4:1D:CC:60:E0,-27,11,1,7,1,1,1,1,0,0,1,-93,0,6,2,9171390,0,68,0,0,8.88077,384,[0 0 0 0 0 0 0 0 0 0 0 0 -1 -12 -1 -11 -1 -11 -1 -11 -1 -11 -1 -11 -2 -10 -2 -10 -2 -10 -2 -10 -2 -10 -2 -9 -2 -9 -2 -9 -2 -9 -3 -9 -3 -9 -3 -9 -3 -9 -3 -9 -3 -9 -3 -9 -3 -9 -3 -9 -3 -8 -3 -8 0 0 -3 -9 -3 -9 -3 -9 -3 -8 -3 -9 -2 -8 -2 -8 -2 -8 -2 -8 -2 -8 -1 -8 -1 -8 -1 -7 -1 -7 -1 -7 0 -7 0 -7 0 -6 0 -6 0 -6 0 -6 1 -6 1 -5 1 -5 1 -5 1 -4 0 0 0 0 0 0 0 0 0 0 ]
CSI_DATA,AP,10:B4:1D:CC:60:E0,-26,11,1,7,1,1,1,1,0,0,1,-93,0,6,2,9261437,0,68,0,0,8.97082,384,[0 0 0 0 0 0 0 0 0 0 0 0 -11 0 -11 0 -11 0 -11 0 -11 0 -10 0 -10 0 -10 0 -10 0 -10 0 -10 1 -9 1 -9 1 -9 1 -9 1 -9 1 -9 2 -9 2 -8 2 -9 2 -8 2 -8 2 -9 2 -8 3 -8 2 -8 3 0 0 -9 2 -8 2 -8 2 -9 2 -8 2 -8 2 -8 2 -8 1 -8 1 -8 1 -8 1 -8 1 -7 1 -7 0 -7 0 -7 0 -7 0 -6 -1 -6 -1 -6 -1 -6 -1 -6 -1 -6 -1 -5 -1 -5 -2 -5 -2 0 0 0 0 0 0 0 0 0 0 ]
CSI_DATA,AP,10:B4:1D:CC:60:E0,-27,11,1,7,1,1,1,1,0,0,1,-93,0,6,2,9351331,0,68,0,0,9.06071,384,[0 0 0 0 0 0 0 0 0 0 0 0 4 -11 4 -10 4 -10 3 -10 3 -10 3 -10 3 -10 3 -9 3 -9 3 -9 2 -9 2 -9 2 -9 2 -9 1 -9 2 -9 2 -9 1 -9 1 -9 1 -9 1 -9 1 -9 1 -9 0 -9 0 -9 0 -9 0 0 1 -9 1 -9 1 -9 1 -8 1 -9 1 -9 1 -8 2 -8 2 -8 2 -8 2 -7 2 -7 2 -7 2 -7 2 -6 2 -6 3 -6 2 -6 2 -5 2 -5 3 -5 2 -5 3 -5 3 -4 3 -4 3 -3 0 0 0 0 0 0 0 0 0 0 ]
CSI_DATA,AP,10:B4:1D:CC:60:E0,-27,11,1,7,1,1,1,1,0,0,1,-93,0,6,2,9441430,0,68,0,0,9.15081,384,[0 0 0 0 0 0 0 0 0 0 0 0 -5 9 -5 9 -5 9 -5 9 -5 8 -5 9 -5 8 -5 8 -5 8 -4 8 -4 8 -3 8 -3 8 -3 8 -3 8 -3 8 -3 8 -2 8 -2 8 -2 8 -2 8 -2 8 -2 8 -2 8 -2 8 -2 8 0 0 -2 8 -2 8 -2 8 -2 8 -2 8 -3 8 -3 8 -3 7 -3 7 -3 7 -3 7 -3 6 -3 6 -3 6 -4 6 -4 5 -4 5 -3 5 -4 4 -3 4 -4 4 -4 4 -4 4 -4 3 -4 3 -4 3 0 0 0 0 0 0 0 0 0 0 ]
CSI_DATA,AP,10:B4:1D:CC:60:E0,-26,11,1,7,1,1,1,1,0,0,1,-93,0,6,2,9531440,0,68,0,0,9.24082,384,[0 0 0 0 0 0 0 0 0 0 0 0 10 -2 10 -3 10 -2 10 -2 9 -2 9 -3 9 -3 9 -3 9 -3 8 -3 8 -3 8 -3 8 -3 8 -3 8 -4 8 -4 7 -4 7 -4 7 -4 7 -4 7 -4 7 -4 7 -4 7 -5 7 -4 7 -5 0 0 7 -4 7 -4 7 -4 7 -4 7 -4 7 -4 7 -3 7 -3 7 -3 7 -3 6 -3 6 -3 6 -2 6 -2 6 -2 6 -2 5 -2 5 -1 5 -1 5 -1 5 -1 5 0 4 0 4 0 4 0 4 0 0 0 0 0 0 0 0 0 0 0 ]
CSI_DATA,AP,10:B4:1D:CC:60:E0,-26,11,1,7,1,1,1,1,0,0,1,-93,0,6,2,9625020,0,68,0,0,9.33441,384,[0 0 0 0 0 0 0 0 0 0 0 0 -11 4 -11 4 -11 4 -10 4 -10 4 -10 4 -10 4 -10 3 -9 4 -9 4 -9 4 -9 4 -9 4 -8 4 -8 4 -8 4 -8 4 -8 4 -8 5 -8 5 -8 5 -8 5 -7 5 -7 5 -7 5 -8 5 0 0 -8 5 -7 5 -7 5 -8 4 -8 4 -8 4 -8 4 -8 4 -8 3 -8 3 -7 3 -7 2 -7 2 -7 2 -7 2 -7 1 -6 1 -6 1 -6 1 -6 1 -6 0 -6 0 -6 0 -6 0 -5 0 -5 -1 0 0 0 0 0 0 0 0 0 0 ]
CSI_DATA,AP,10:B4:1D:CC:60:E0,-26,11,1,7,1,1,1,1,0,0,1,-93,0,6,2,9711356,0,68,0,0,9.42073,384,[0 0 0 0 0 0 0 0 0 0 0 0 9 -6 9 -6 9 -5 9 -5 8 -5 8 -6 8 -5 8 -5 8 -5 7 -6 7 -6 7 -6 7 -6 6 -6 6 -6 6 -6 6 -6 6 -6 6 -6 6 -6 6 -6 6 -6 5 -7 5 -7 5 -7 5 -7 0 0 6 -7 5 -7 5 -7 6 -6 5 -6 6 -6 6 -6 6 -5 6 -5 6 -5 6 -5 5 -5 5 -5 5 -4 5 -4 5 -4 5 -3 5 -3 5 -3 5 -2 5 -2 5 -2 4 -2 4 -2 4 -1 4 -1 0 0 0 0 0 0 0 0 0 0 ]
CSI_DATA,AP,10:B4:1D:CC:60:E0,-26,11,1,7,1,1,1,1,0,0,1,-93,0,6,2,9801406,0,68,0,0,9.51079,384,[0 0 0 0 0 0 0 0 0 0 0 0 -9 7 -9 7 -9 7 -8 6 -8 7 -8 6 -8 6 -8 6 -7 6 -7 6 -7 6 -7 6 -6 6 -6 6 -6 6 -6 7 -6 7 -6 7 -5 7 -5 7 -5 6 -5 7 -5 7 -5 7 -5 7 -5 7 0 0 -5 7 -5 7 -5 6 -6 7 -5 6 -5 6 -5 6 -6 6 -6 5 -6 5 -6 5 -6 5 -6 5 -6 4 -6 4 -6 4 -6 4 -5 3 -5 3 -5 3 -5 3 -5 2 -5 2 -5 2 -5 1 -5 1 0 0 0 0 0 0 0 0 0 0 ]
CSI_DATA,AP,10:B4:1D:CC:60:E0,-27,11,1,7,1,1,1,1,0,0,1,-93,0,6,2,9891418,0,68,0,0,9.6008,384,[0 0 0 0 0 0 0 0 0 0 0 0 10 -3 10 -2 10 -3 10 -2 10 -3 9 -3 9 -3 9 -2 9 -3 8 -3 8 -3 8 -3 8 -4 8 -4 7 -4 8 -4 7 -4 7 -4 7 -4 7 -4 7 -4 7 -4 7 -4 7 -5 6 -5 7 -4 0 0 7 -4 7 -4 7 -4 7 -4 7 -4 7 -4 7 -3 7 -3 7 -3 7 -3 7 -3 6 -3 6 -3 6 -2 6 -2 6 -2 5 -2 5 -2 5 -1 5 -1 5 -1 5 -1 5 0 4 0 4 0 4 0 0 0 0 0 0 0 0 0 0 0 ]
CSI_DATA,AP,10:B4:1D:CC:60:E0,-26,11,1,7,1,1,1,1,0,0,1,-93,0,6,2,9981466,0,68,0,0,9.69085,384,[0 0 0 0 0 0 0 0 0 0 0 0 -11 -2 -11 -2 -11 -3 -11 -2 -11 -2 -11 -2 -10 -2 -10 -2 -10 -2 -10 -2 -10 -1 -9 -1 -9 -1 -9 -1 -9 -1 -9 0 -9 0 -9 0 -9 0 -9 0 -9 0 -9 0 -9 1 -9 1 -9 1 -9 1 0 0 -9 0 -9 0 -9 0 -9 0 -9 0 -9 0 -8 -1 -8 -1 -8 -1 -8 -1 -8 -1 -8 -1 -7 -1 -7 -1 -7 -1 -7 -2 -6 -2 -6 -2 -6 -2 -6 -2 -6 -2 -5 -2 -5 -2 -5 -3 -5 -2 -4 -3 0 0 0 0 0 0 0 0 0 0 ]
CSI_DATA,AP,10:B4:1D:CC:60:E0,-26,11,1,7,1,1,1,1,0,0,1,-93,0,6,2,10071388,0,68,0,0,9.78077,384,[0 0 0 0 0 0 0 0 0 0 0 0 -11 -3 -11 -3 -11 -3 -10 -3 -11 -3 -10 -3 -10 -3 -10 -3 -10 -3 -10 -3 -10 -2 -10 -2 -9 -2 -9 -2 -9 -2 -9 -1 -9 -1 -9 -1 -9 -1 -9 -1 -9 -1 -9 -1 -9 -1 -9 -1 -9 -1 -9 -1 0 0 -9 -1 -9 -1 -8 -1 -9 -1 -8 -1 -9 -2 -9 -2 -8 -2 -8 -2 -8 -2 -8 -2 -7 -2 -7 -2 -7 -2 -7 -3 -6 -3 -6 -3 -6 -3 -6 -3 -5 -3 -5 -3 -5 -3 -5 -3 -4 -3 -4 -4 -4 -4 0 0 0 0 0 0 0 0 0 0 ]
CSI_DATA,AP,10:B4:1D:CC:60:E0,-27,11,1,7,1,1,1,1,0,0,1,-93,0,6,2,10161637,0,68,0,0,9.87102,384,[0 0 0 0 0 0 0 0 0 0 0 0 -5 10 -5 9 -5 10 -5 9 -5 9 -5 9 -4 9 -4 8 -4 8 -4 9 -4 8 -4 8 -3 8 -3 8 -3 8 -3 8 -2 8 -2 8 -2 8 -2 8 -2 8 -2 8 -2 8 -2 8 -2 8 -2 8 0 0 -2 7 -2 8 -2 7 -2 8 -2 7 -2 7 -3 7 -3 7 -3 7 -3 7 -3 6 -3 6 -3 6 -3 5 -3 5 -3 5 -4 5 -3 4 -3 4 -3 4 -4 4 -4 4 -4 3 -4 3 -4 3 -4 2 0 0 0 0 0 0 0 0 0 0 ]
CSI_DATA,AP,10:B4:1D:CC:60:E0,-28,11,1,7,1,1,1,1,0,0,1,-93,0,6,2,10251512,0,68,0,0,9.96089,384,[0 0 0 0 0 0 0 0 0 0 0 0 -11 1 -11 1 -11 1 -11 2 -11 1 -10 2 -10 1 -10 1 -10 2 -10 2 -9 2 -9 2 -9 2 -9 2 -9 2 -9 2 -8 2 -8 2 -8 3 -8 3 -8 3 -8 3 -8 3 -8 3 -8 3 -8 3 0 0 -8 2 -8 3 -8 2 -8 2 -8 2 -8 2 -8 2 -8 2 -7 1 -7 1 -7 1 -7 1 -7 0 -7 0 -6 0 -6 0 -6 0 -6 0 -6 -1 -5 -1 -5 -1 -5 -1 -5 -1 -5 -1 -5 -1 -4 -2 0 0 0 0 0 0 0 0 0 0 ]
CSI_DATA,AP,10:B4:1D:CC:60:E0,-28,11,1,7,1,1,1,1,0,0,1,-93,0,6,2,10341799,0,68,0,0,10.0512,384,[0 0 0 0 0 0 0 0 0 0 0 0 5 9 5 9 5 9 5 9 5 9 5 8 5 8 4 8 4 8 5 8 5 7 5 7 5 7 5 7 5 6 5 6 5 6 5 6 5 6 5 6 5 6 5 6 5 5 6 5 5 5 5 5 0 0 5 5 5 6 5 6 5 5 5 6 4 6 4 6 4 6 4 6 4 6 3 5 3 5 3 5 2 5 2 5 2 5 2 5 2 5 2 5 1 4 1 4 1 4 1 4 0 4 0 4 0 4 0 0 0 0 0 0 0 0 0 0 ]
CSI_DATA,AP,10:B4:1D:CC:60:E0,-28,11,1,7,1,1,1,1,0,0,1,-93,0,6,2,10431325,0,68,0,0,10.1407,384,[0 0 0 0 0 0 0 0 0 0 0 0 -8 -9 -7 -9 -7 -9 -7 -9 -7 -8 -7 -8 -7 -8 -7 -8 -7 -8 -7 -7 -7 -7 -7 -7 -7 -7 -7 -7 -7 -6 -7 -6 -7 -6 -7 -6 -7 -6 -7 -6 -7 -6 -7 -6 -7 -6 -7 -6 -7 -6 -7 -6 0 0 -7 -6 -7 -6 -6 -6 -6 -6 -6 -6 -6 -6 -6 -6 -6 -6 -5 -6 -5 -6 -5 -6 -5 -6 -4 -6 -4 -6 -4 -6 -4 -5 -3 -5 -3 -5 -3 -5 -3 -5 -2 -5 -2 -5 -2 -5 -2 -4 -2 -5 -1 -5 0 0 0 0 0 0 0 0 0 0 ]
CSI_DATA,AP,10:B4:1D:CC:60:E0,-28,11,1,7,1,1,1,1,0,0,1,-93,0,6,2,10522011,0,68,0,0,10.2314,384,[0 0 0 0 0 0 0 0 0 0 0 0 1 -11 1 -11 1 -11 1 -11 1 -10 1 -10 1 -10 1 -10 1 -10 1 -10 0 -9 0 -9 0 -9 0 -9 0 -9 0 -9 -1 -9 -1 -9 -1 -9 -1 -9 -1 -9 -1 -9 -1 -8 -1 -9 -1 -8 -1 -8 0 0 -1 -8 -1 -8 -1 -8 -1 -8 0 -8 0 -8 0 -8 0 -8 0 -7 0 -7 0 -7 1 -7 1 -7 1 -6 1 -6 1 -6 1 -6 1 -5 1 -5 1 -5 1 -5 2 -5 2 -4 2 -4 2 -4 2 -4 0 0 0 0 0 0 0 0 0 0 ]
CSI_DATA,AP,10:B4:1D:CC:60:E0,-28,11,1,7,1,1,1,1,0,0,1,-93,0,6,2,10611298,0,68,0,0,10.3207,384,[0 0 0 0 0 0 0 0 0 0 0 0 2 10 2 10 2 10 2 10 2 9 2 9 2 9 2 9 2 9 2 8 3 8 3 8 3 8 3 8 3 8 3 7 3 7 3 7 3 7 3 7 3 7 3 7 3 7 4 7 4 7 4 6 0 0 3 7 3 7 3 7 3 7 3 7 3 7 2 7 2 6 2 6 2 6 2 6 1 6 1 6 1 6 1 5 1 5 0 5 0 5 0 5 0 5 0 4 -1 4 0 4 -1 4 -1 4 -1 4 0 0 0 0 0 0 0 0 0 0 ]
CSI_DATA,AP,10:B4:1D:CC:60:E0,-28,11,1,7,1,1,1,1,0,0,1,-93,0,6,2,10701403,0,68,0,0,10.4108,384,[0 0 0 0 0 0 0 0 0 0 0 0 -11 -5 -11 -6 -10 -5 -10 -5 -10 -5 -10 -5 -10 -5 -9 -4 -9 -4 -10 -4 -9 -4 -9 -4 -9 -3 -9 -3 -9 -3 -9 -3 -9 -3 -9 -2 -9 -2 -9 -2 -9 -2 -9 -2 -9 -2 -9 -2 -9 -2 -9 -2 0 0 -9 -2 -9 -2 -8 -2 -9 -2 -8 -2 -8 -2 -8 -2 -8 -3 -8 -3 -8 -3 -7 -3 -7 -3 -7 -3 -6 -3 -6 -3 -6 -3 -6 -3 -6 -3 -5 -3 -5 -3 -5 -3 -4 -4 -4 -3 -4 -4 -4 -4 -3 -4 0 0 0 0 0 0 0 0 0 0 ]
CSI_DATA,AP,10:B4:1D:CC:60:E0,-28,11,1,7,1,1,1,1,0,0,1,-93,0,6,2,10791404,0,68,0,0,10.5008,384,[0 0 0 0 0 0 0 0 0 0 0 0 -1 11 -1 10 -1 10 -1 10 -1 10 -1 10 -1 10 -1 9 0 9 0 9 0 9 0 9 0 9 0 8 0 8 1 8 1 8 1 8 1 8 1 8 1 8 1 8 1 8 1 8 1 8 1 7 0 0 1 8 1 8 1 8 1 8 0 7 0 8 0 7 0 7 0 7 -1 7 0 7 -1 6 -1 6 -1 6 -1 6 -1 5 -2 5 -2 5 -2 5 -2 5 -2 4 -2 4 -2 4 -2 4 -2 4 -2 3 0 0 0 0 0 0 0 0 0 0 ]
CSI_DATA,AP,10:B4:1D:CC:60:E0,-27,11,1,7,1,1,1,1,0,0,1,-93,0,6,2,10881456,0,68,0,0,10.5908,384,[0 0 0 0 0 0 0 0 0 0 0 0 5 -10 5 -10 5 -10 4 -10 4 -9 4 -9 4 -9 4 -9 4 -9 4 -9 3 -9 3 -9 3 -9 3 -9 3 -9 2 -9 2 -9 2 -9 2 -9 2 -9 2 -8 2 -9 2 -8 2 -9 1 -9 2 -9 0 0 2 -8 2 -9 2 -8 2 -8 2 -8 2 -8 3 -8 3 -8 3 -7 3 -7 3 -7 3 -7 3 -7 3 -6 3 -6 3 -6 3 -5 3 -5 3 -4 3 -4 3 -4 3 -4 3 -4 3 -4 3 -3 3 -3 0 0 0 0 0 0 0 0 0 0 ]
CSI_DATA,AP,10:B4:1D:CC:60:E0,-26,11,1,7,1,1,1,1,0,0,1,-93,0,6,2,10971363,0,68,0,0,10.6807,384,[0 0 0 0 0 0 0 0 0 0 0 0 11 0 11 0 10 0 10 0 10 -1 10 -1 10 -1 9 -1 9 -1 9 -1 9 -1 9 -1 9 -1 8 -2 8 -2 8 -2 8 -2 8 -2 8 -2 8 -2 8 -2 8 -3 8 -3 8 -3 8 -3 8 -3 0 0 8 -3 8 -3 8 -3 8 -3 8 -2 8 -2 7 -2 7 -2 7 -2 7 -1 7 -1 7 -1 7 -1 6 -1 6 -1 6 0 6 0 6 0 5 0 5 0 5 0 4 0 4 1 4 1 4 1 4 1 0 0 0 0 0 0 0 0 0 0 ]
CSI_DATA,AP,10:B4:1D:CC:60:E0,-26,11,1,7,1,1,1,1,0,0,1,-93,0,6,2,11061722,0,68,0,0,10.7711,384,[0 0 0 0 0 0 0 0 0 0 0 0 -12 -4 -11 -3 -11 -3 -11 -3 -11 -3 -10 -3 -10 -3 -10 -3 -10 -3 -10 -3 -10 -2 -10 -2 -9 -2 -10 -2 -9 -2 -9 -1 -9 -1 -9 -1 -9 -1 -9 -1 -9 -1 -9 -1 -9 -1 -9 -1 -9 -1 -9 -1 0 0 -9 -1 -9 -1 -9 -1 -9 -1 -9 -1 -9 -1 -9 -2 -8 -2 -8 -2 -8 -2 -8 -2 -7 -2 -7 -2 -7 -2 -7 -3 -6 -3 -6 -3 -6 -3 -6 -3 -5 -3 -5 -3 -5 -3 -5 -3 -4 -3 -4 -3 -4 -4 0 0 0 0 0 0 0 0 0 0 ]
CSI_DATA,AP,10:B4:1D:CC:60:E0,-26,11,1,7,1,1,1,1,0,0,1,-93,0,6,2,11151409,0,68,0,0,10.8608,384,[0 0 0 0 0 0 0 0 0 0 0 0 -12 1 -12 1 -11 1 -11 1 -11 1 -11 1 -11 2 -10 1 -10 2 -10 1 -10 2 -10 2 -10 2 -9 2 -9 2 -9 2 -9 2 -9 3 -9 3 -9 3 -9 3 -9 3 -9 3 -8 3 -9 3 -9 3 0 0 -9 3 -8 3 -8 3 -9 2 -8 2 -9 2 -8 2 -8 1 -8 2 -8 1 -8 1 -8 1 -8 1 -7 0 -7 0 -7 0 -7 0 -7 0 -6 0 -6 -1 -6 -1 -6 -1 -6 -1 -6 -2 -5 -2 -5 -2 0 0 0 0 0 0 0 0 0 0 ]
CSI_DATA,AP,10:B4:1D:CC:60:E0,-26,11,1,7,1,1,1,1,0,0,1,-93,0,6,2,11241409,0,68,0,0,10.9508,384,[0 0 0 0 0 0 0 0 0 0 0 0 5 10 5 9 5 9 5 9 5 9 5 9 4 8 4 8 5 8 5 8 4 8 5 7 5 7 5 7 5 7 5 7 5 6 5 6 5 6 5 6 5 6 5 6 5 6 5 6 5 6 5 6 0 0 5 6 5 6 5 6 5 6 5 6 5 6 4 6 4 6 4 6 4 6 3 6 3 6 3 6 3 6 3 5 2 5 2 5 2 5 2 5 1 5 1 5 1 5 0 5 0 5 0 4 0 4 0 0 0 0 0 0 0 0 0 0 ]
CSI_DATA,AP,10:B4:1D:CC:60:E0,-26,11,1,7,1,1,1,1,0,0,1,-93,0,6,2,11331436,0,68,0,0,11.0408,384,[0 0 0 0 0 0 0 0 0 0 0 0 10 -3 10 -3 10 -3 10 -3 10 -3 9 -3 9 -3 9 -3 9 -3 9 -3 8 -4 8 -4 8 -4 8 -4 8 -4 8 -4 8 -4 8 -4 7 -4 7 -5 7 -5 7 -5 7 -5 7 -5 7 -5 7 -5 0 0 7 -5 7 -5 7 -4 7 -4 7 -4 7 -4 7 -4 7 -4 7 -3 7 -3 7 -3 7 -3 6 -3 6 -2 6 -2 6 -2 6 -2 5 -1 5 -1 5 -1 5 -1 5 -1 5 -1 4 0 4 0 4 0 0 0 0 0 0 0 0 0 0 0 ]
CSI_DATA,AP,10:B4:1D:CC:60:E0,-26,11,1,7,1,1,1,1,0,0,1,-93,0,6,2,11421448,0,68,0,0,11.1308,384,[0 0 0 0 0 0 0 0 0 0 0 0 5 -11 4 -10 4 -11 4 -10 4 -10 3 -10 4 -10 3 -10 3 -10 3 -10 3 -9 3 -10 2 -9 2 -9 2 -9 2 -9 1 -9 1 -9 1 -9 1 -9 1 -9 1 -9 1 -9 1 -9 1 -9 1 -9 0 0 1 -9 1 -9 1 -9 1 -9 1 -9 1 -9 1 -9 1 -9 2 -8 2 -8 2 -8 2 -8 2 -7 2 -7 2 -7 2 -6 2 -6 2 -6 3 -5 2 -5 2 -5 3 -5 3 -5 3 -4 3 -4 3 -4 0 0 0 0 0 0 0 0 0 0 ]
CSI_DATA,AP,10:B4:1D:CC:60:E0,-26,11,1,7,1,1,1,1,0,0,1,-93,0,6,2,11511337,0,68,0,0,11.2207,384,[0 0 0 0 0 0 0 0 0 0 0 0 -1 -12 -1 -12 -1 -12 -1 -11 -1 -11 -1 -11 -1 -11 -1 -11 -1 -10 -2 -10 -2 -10 -2 -10 -2 -10 -2 -10 -2 -9 -2 -9 -3 -9 -3 -9 -3 -9 -3 -9 -3 -9 -3 -9 -3 -9 -3 -9 -3 -9 -3 -9 0 0 -3 -9 -3 -9 -3 -9 -3 -9 -3 -9 -3 -9 -2 -9 -2 -8 -2 -8 -2 -8 -1 -8 -1 -8 -1 -8 -1 -8 -1 -7 -1 -7 0 -7 0 -7 0 -6 0 -6 0 -6 0 -6 0 -6 1 -5 1 -5 1 -5 0 0 0 0 0 0 0 0 0 0 ]
CSI_DATA,AP,10:B4:1D:CC:60:E0,-26,11,1,7,1,1,1,1,0,0,1,-93,0,6,2,11601363,0,68,0,0,11.3107,384,[0 0 0 0 0 0 0 0 0 0 0 0 1 10 1 10 2 10 1 10 1 10 1 9 1 9 1 9 1 9 2 9 2 9 2 8 2 8 2 8 2 8 2 8 2 8 3 8 3 8 3 8 3 8 3 8 3 7 3 7 3 7 3 7 0 0 3 7 3 8 3 7 3 7 2 7 2 7 2 7 2 7 1 7 1 7 1 7 1 7 1 7 0 6 0 6 0 6 0 6 0 5 -1 5 -1 5 -1 5 -1 5 -1 5 -1 4 -2 4 -2 4 0 0 0 0 0 0 0 0 0 0 ]
CSI_DATA,AP,10:B4:1D:CC:60:E0,-26,11,1,7,1,1,1,1,0,0,1,-93,0,6,2,11691390,0,68,0,0,11.4008,384,[0 0 0 0 0 0 0 0 0 0 0 0 2 -12 2 -11 1 -11 1 -11 1 -11 1 -11 1 -11 1 -10 1 -10 0 -10 0 -10 0 -10 0 -10 0 -10 0 -10 0 -9 -1 -9 -1 -9 -1 -9 -1 -9 -1 -9 -1 -9 -1 -9 -1 -9 -1 -9 -1 -9 0 0 -1 -9 -1 -9 -1 -9 -1 -9 -1 -9 0 -9 0 -9 0 -9 0 -8 0 -8 0 -8 0 -8 1 -8 1 -7 1 -7 1 -7 1 -7 1 -6 1 -6 1 -6 1 -5 2 -6 2 -5 2 -5 2 -4 2 -4 0 0 0 0 0 0 0 0 0 0 ]
CSI_DATA,AP,10:B4:1D:CC:60:E0,-26,11,1,7,1,1,1,1,0,0,1,-93,0,6,2,11781413,0,68,0,0,11.4908,384,[0 0 0 0 0 0 0 0 0 0 0 0 -8 -9 -8 -9 -8 -9 -8 -8 -8 -8 -8 -8 -8 -8 -7 -8 -7 -8 -8 -7 -8 -7 -7 -7 -8 -7 -8 -6 -8 -7 -8 -6 -7 -6 -8 -6 -8 -6 -8 -6 -8 -6 -8 -6 -8 -5 -8 -5 -8 -5 -8 -5 0 0 -8 -5 -8 -5 -8 -5 -8 -5 -8 -5 -7 -6 -7 -6 -7 -6 -7 -6 -6 -6 -6 -6 -6 -6 -6 -6 -5 -6 -5 -6 -5 -6 -4 -6 -4 -5 -4 -5 -4 -5 -3 -5 -3 -5 -3 -5 -2 -5 -2 -5 -2 -5 0 0 0 0 0 0 0 0 0 0 ]
CSI_DATA,AP,10:B4:1D:CC:60:E0,-26,11,1,7,1,1,1,1,0,0,1,-94,0,6,2,11871338,0,68,0,0,11.5807,384,[0 0 0 0 0 0 0 0 0 0 0 0 7 -9 7 -9 7 -9 7 -9 6 -9 6 -8 6 -8 6 -8 6 -8 5 -8 5 -8 5 -8 5 -8 5 -8 4 -8 4 -8 4 -8 4 -8 4 -8 4 -8 4 -8 3 -8 4 -8 3 -8 3 -9 4 -9 0 0 4 -8 3 -8 3 -8 4 -8 3 -8 4 -8 4 -8 4 -7 4 -7 4 -7 4 -6 4 -6 4 -6 4 -6 4 -5 4 -5 4 -5 4 -5 4 -4 4 -4 4 -4 4 -4 4 -3 4 -3 4 -3 4 -2 0 0 0 0 0 0 0 0 0 0 ]
CSI_DATA,AP,10:B4:1D:CC:60:E0,-26,11,1,7,1,1,1,1,0,0,1,-94,0,6,2,11961397,0,68,0,0,11.6708,384,[0 0 0 0 0 0 0 0 0 0 0 0 -9 -8 -9 -7 -9 -7 -9 -7 -9 -7 -9 -7 -8 -7 -8 -6 -8 -6 -8 -6 -8 -6 -8 -5 -8 -5 -8 -5 -8 -5 -8 -5 -8 -4 -8 -4 -9 -4 -8 -4 -8 -4 -8 -4 -8 -4 -8 -4 -8 -4 -8 -4 0 0 -8 -4 -8 -4 -8 -4 -8 -4 -8 -4 -8 -4 -8 -4 -7 -4 -7 -4 -7 -4 -7 -5 -7 -5 -6 -5 -6 -5 -5 -5 -5 -5 -5 -5 -5 -5 -4 -5 -4 -5 -4 -5 -4 -5 -4 -4 -3 -4 -3 -4 -3 -4 0 0 0 0 0 0 0 0 0 0 ]
CSI_DATA,AP,10:B4:1D:CC:60:E0,-26,11,1,7,1,1,1,1,0,0,1,-94,0,6,2,12051440,0,68,0,0,11.7608,384,[0 0 0 0 0 0 0 0 0 0 0 0 -12 2 -12 2 -11 2 -11 2 -11 2 -11 3 -11 3 -10 3 -10 3 -10 3 -10 3 -10 3 -9 3 -9 3 -9 3 -9 3 -9 3 -9 3 -9 4 -8 4 -8 4 -8 4 -8 4 -8 4 -8 4 -8 4 0 0 -8 4 -8 4 -8 3 -9 3 -8 3 -8 3 -8 3 -8 2 -8 2 -8 2 -8 1 -8 1 -8 1 -7 1 -7 1 -7 1 -7 0 -7 0 -7 0 -6 0 -6 -1 -6 -1 -6 -1 -5 -1 -5 -1 -5 -2 0 0 0 0 0 0 0 0 0 0 ]
CSI_DATA,AP,10:B4:1D:CC:60:E0,-26,11,1,7,1,1,1,1,0,0,1,-94,0,6,2,12141510,0,68,0,0,11.8509,384,[0 0 0 0 0 0 0 0 0 0 0 0 4 10 4 10 4 10 4 10 4 9 4 9 4 9 3 9 4 8 4 8 4 8 4 8 4 8 4 8 4 8 4 7 4 7 4 7 5 7 5 7 5 7 5 7 5 6 5 6 5 7 5 6 0 0 5 7 5 7 4 7 4 7 4 7 4 7 4 7 4 7 3 6 3 6 3 6 3 6 2 6 2 6 2 6 2 6 1 6 1 5 1 5 1 5 0 5 0 5 0 5 0 4 -1 4 -1 4 0 0 0 0 0 0 0 0 0 0 ]
CSI_DATA,AP,10:B4:1D:CC:60:E0,-26,11,1,7,1,1,1,1,0,0,1,-94,0,6,2,12231430,0,68,0,0,11.9408,384,[0 0 0 0 0 0 0 0 0 0 0 0 -12 1 -11 0 -11 0 -11 0 -11 1 -11 1 -10 1 -10 1 -10 1 -10 1 -10 1 -10 1 -9 1 -9 2 -9 2 -9 2 -9 2 -9 2 -9 3 -9 2 -8 2 -9 2 -8 3 -8 3 -8 3 -8 3 0 0 -8 3 -8 3 -8 2 -8 3 -8 2 -8 2 -8 2 -8 2 -8 2 -8 1 -8 1 -8 1 -7 1 -7 1 -7 0 -7 0 -7 0 -6 0 -6 0 -6 0 -6 -1 -6 -1 -5 -1 -5 -1 -5 -1 -5 -2 0 0 0 0 0 0 0 0 0 0 ]
CSI_DATA,AP,10:B4:1D:CC:60:E0,-26,11,1,7,1,1,1,1,0,0,1,-94,0,6,2,12321416,0,68,0,0,12.0308,384,[0 0 0 0 0 0 0 0 0 0 0 0 -12 -1 -12 -2 -12 -1 -11 -2 -11 -2 -11 -1 -11 -2 -11 -1 -11 -1 -10 -1 -10 -1 -10 0 -10 0 -10 0 -10 0 -10 0 -10 0 -9 1 -9 0 -9 0 -9 1 -9 1 -9 1 -9 1 -9 1 -9 1 0 0 -10 1 -9 1 -9 1 -9 0 -9 1 -9 0 -9 0 -9 0 -9 -1 -9 -1 -8 -1 -8 -1 -8 -1 -8 -1 -7 -2 -7 -1 -7 -2 -7 -2 -6 -2 -6 -2 -6 -2 -6 -3 -5 -2 -5 -2 -5 -3 -5 -3 0 0 0 0 0 0 0 0 0 0 ]
CSI_DATA,AP,10:B4:1D:CC:60:E0,-26,11,1,7,1,1,1,1,0,0,1,-94,0,6,2,12411642,0,68,0,0,12.121,384,[0 0 0 0 0 0 0 0 0 0 0 0 -11 -5 -11 -5 -11 -5 -11 -5 -10 -4 -11 -4 -10 -4 -10 -4 -10 -4 -10 -4 -10 -3 -10 -3 -10 -3 -10 -3 -10 -3 -9 -2 -10 -2 -10 -2 -9 -2 -9 -2 -9 -2 -9 -2 -10 -2 -10 -2 -9 -1 -9 -1 0 0 -9 -1 -9 -2 -9 -2 -9 -1 -9 -2 -9 -2 -9 -2 -9 -2 -9 -3 -8 -3 -8 -3 -8 -3 -8 -3 -7 -3 -7 -3 -7 -3 -6 -3 -6 -3 -6 -3 -5 -3 -5 -4 -5 -4 -5 -4 -4 -4 -4 -4 -4 -4 0 0 0 0 0 0 0 0 0 0 ]
CSI_DATA,AP,10:B4:1D:CC:60:E0,-26,11,1,7,1,1,1,1,0,0,1,-94,0,6,2,12501521,0,68,0,0,12.2109,384,[0 0 0 0 0 0 0 0 0 0 0 0 11 -3 11 -3 10 -3 10 -3 10 -3 10 -3 10 -3 10 -3 9 -3 9 -3 9 -3 9 -3 8 -3 8 -4 8 -4 8 -4 8 -4 8 -4 8 -4 8 -4 7 -4 7 -4 8 -4 7 -5 7 -5 8 -5 0 0 8 -4 7 -4 8 -4 7 -4 7 -4 8 -4 7 -3 7 -3 7 -3 7 -3 7 -3 7 -2 7 -2 7 -2 6 -2 6 -1 6 -1 6 -1 6 -1 5 -1 5 0 5 0 5 0 5 0 4 0 4 1 0 0 0 0 0 0 0 0 0 0 ]
CSI_DATA,AP,10:B4:1D:CC:60:E0,-26,11,1,7,1,1,1,1,0,0,1,-94,0,6,2,12592889,0,68,0,0,12.3023,384,[0 0 0 0 0 0 0 0 0 0 0 0 9 -7 9 -7 8 -7 8 -7 8 -6 8 -7 8 -7 7 -7 7 -7 7 -7 7 -6 7 -7 6 -7 6 -7 6 -7 6 -7 6 -7 5 -7 5 -7 5 -7 5 -7 5 -7 5 -7 5 -7 5 -7 5 -7 0 0 5 -7 5 -7 5 -7 5 -7 5 -7 5 -7 5 -6 5 -6 6 -5 6 -5 6 -5 5 -5 5 -4 5 -4 5 -4 5 -3 5 -4 5 -3 5 -3 5 -3 5 -3 4 -2 4 -2 4 -2 4 -1 4 -1 0 0 0 0 0 0 0 0 0 0 ]
CSI_DATA,AP,10:B4:1D:CC:60:E0,-26,11,1,7,1,1,1,1,0,0,1,-94,0,6,2,12681375,0,68,0,0,12.3908,384,[0 0 0 0 0 0 0 0 0 0 0 0 -12 -2 -12 -2 -11 -1 -11 -1 -11 -1 -11 -1 -11 -1 -10 -1 -10 -1 -10 0 -10 0 -10 0 -10 0 -9 0 -9 0 -9 1 -9 1 -9 1 -9 1 -9 1 -9 1 -9 1 -9 1 -9 1 -9 1 -9 1 0 0 -9 1 -9 1 -9 1 -9 1 -9 1 -9 1 -8 0 -8 0 -8 0 -8 0 -8 0 -8 0 -7 -1 -7 -1 -7 -1 -7 -1 -6 -1 -6 -1 -6 -2 -6 -2 -5 -2 -5 -2 -5 -2 -5 -2 -5 -2 -4 -3 0 0 0 0 0 0 0 0 0 0 ]
CSI_DATA,AP,10:B4:1D:CC:60:E0,-26,11,1,7,1,1,1,1,0,0,1,-94,0,6,2,12771381,0,68,0,0,12.4808,384,[0 0 0 0 0 0 0 0 0 0 0 0 -10 5 -10 6 -10 5 -9 5 -9 5 -9 5 -9 5 -9 5 -9 5 -8 5 -8 5 -8 5 -8 5 -7 5 -7 6 -7 6 -7 5 -7 5 -7 6 -7 6 -6 6 -6 6 -6 6 -6 6 -6 6 -7 6 0 0 -7 6 -6 6 -6 5 -7 5 -7 5 -6 5 -6 5 -7 4 -7 4 -7 4 -7 4 -6 3 -6 3 -6 3 -6 3 -6 2 -6 2 -6 2 -6 2 -5 1 -6 1 -6 1 -5 1 -5 0 -5 0 -5 0 0 0 0 0 0 0 0 0 0 0 ]
CSI_DATA,AP,10:B4:1D:CC:60:E0,-26,11,1,7,1,1,1,1,0,0,1,-94,0,6,2,12861340,0,68,0,0,12.5707,384,[0 0 0 0 0 0 0 0 0 0 0 0 -11 -1 -11 -1 -11 -1 -11 -1 -11 -1 -11 -1 -10 -1 -10 0 -10 0 -10 0 -10 0 -9 0 -9 0 -9 0 -9 0 -9 1 -9 1 -9 1 -9 1 -9 1 -9 1 -9 1 -9 1 -9 1 -8 1 -9 1 0 0 -9 1 -9 1 -8 1 -9 1 -8 1 -8 1 -8 0 -8 0 -8 0 -8 0 -8 0 -8 -1 -7 -1 -7 -1 -7 -1 -6 -1 -6 -2 -6 -2 -6 -2 -6 -2 -5 -2 -5 -2 -5 -2 -5 -2 -5 -2 -4 -3 0 0 0 0 0 0 0 0 0 0 ]
CSI_DATA,AP,10:B4:1D:CC:60:E0,-26,11,1,7,1,1,1,1,0,0,1,-94,0,6,2,12951449,0,68,0,0,12.6608,384,[0 0 0 0 0 0 0 0 0 0 0 0 10 -6 9 -6 9 -6 9 -6 8 -6 9 -6 8 -6 8 -5 8 -5 7 -6 7 -6 7 -6 7 -6 7 -6 6 -6 6 -6 6 -6 6 -6 6 -6 6 -6 6 -6 6 -6 6 -6 5 -7 6 -6 6 -6 0 0 6 -6 6 -6 6 -6 6 -6 6 -6 6 -6 6 -6 6 -5 6 -5 6 -5 6 -4 6 -4 6 -4 5 -4 5 -3 5 -3 5 -3 5 -3 5 -3 5 -2 4 -2 5 -2 4 -2 4 -1 4 -1 4 -1 0 0 0 0 0 0 0 0 0 0 ]
CSI_DATA,AP,10:B4:1D:CC:60:E0,-26,11,1,7,1,1,1,1,0,0,1,-94,0,6,2,13041477,0,68,0,0,12.7509,384,[0 0 0 0 0 0 0 0 0 0 0 0 -9 7 -9 7 -8 7 -8 6 -8 6 -8 6 -8 6 -8 6 -8 6 -7 6 -7 6 -7 6 -7 6 -7 6 -6 6 -6 6 -6 6 -6 6 -6 6 -6 6 -6 6 -6 6 -6 6 -5 6 -6 6 -5 6 0 0 -6 6 -6 6 -6 6 -6 6 -6 6 -6 6 -6 5 -6 5 -6 5 -6 4 -6 4 -6 4 -6 4 -6 3 -6 3 -6 3 -6 3 -6 2 -5 2 -5 2 -5 2 -5 1 -5 1 -5 1 -5 1 -5 0 0 0 0 0 0 0 0 0 0 0 ]
CSI_DATA,AP,10:B4:1D:CC:60:E0,-26,11,1,7,1,1,1,1,0,0,1,-94,0,6,2,13131483,0,68,0,0,12.8409,384,[0 0 0 0 0 0 0 0 0 0 0 0 9 -7 9 -7 8 -7 8 -7 8 -7 8 -7 8 -7 7 -7 7 -7 7 -7 7 -7 6 -7 6 -7 6 -7 6 -7 6 -7 6 -7 5 -7 5 -8 5 -7 5 -7 5 -7 5 -7 5 -8 4 -8 5 -8 0 0 5 -7 5 -7 5 -8 5 -7 5 -7 5 -7 5 -7 5 -6 5 -6 5 -6 5 -6 5 -5 5 -5 5 -5 5 -5 5 -4 4 -4 5 -4 4 -3 4 -3 4 -3 4 -3 4 -3 4 -2 4 -2 4 -2 0 0 0 0 0 0 0 0 0 0 ]
CSI_DATA,AP,10:B4:1D:CC:60:E0,-26,11,1,7,1,1,1,1,0,0,1,-94,0,6,2,13221451,0,68,0,0,12.9308,384,[0 0 0 0 0 0 0 0 0 0 0 0 -7 -10 -7 -10 -7 -9 -7 -9 -7 -9 -7 -9 -7 -8 -7 -8 -7 -8 -7 -8 -7 -7 -7 -7 -7 -7 -7 -7 -7 -7 -7 -6 -7 -6 -7 -6 -7 -6 -7 -6 -7 -6 -7 -6 -7 -6 -7 -6 -7 -6 -7 -5 0 0 -8 -6 -7 -6 -7 -6 -7 -6 -7 -6 -7 -6 -7 -6 -6 -6 -6 -6 -6 -6 -6 -6 -5 -6 -5 -6 -5 -6 -5 -5 -4 -6 -4 -5 -4 -5 -4 -5 -3 -5 -3 -5 -3 -5 -3 -5 -2 -5 -2 -5 -2 -5 0 0 0 0 0 0 0 0 0 0 ]
CSI_DATA,AP,10:B4:1D:CC:60:E0,-26,11,1,7,1,1,1,1,0,0,1,-94,0,6,2,13311529,0,68,0,0,13.0209,384,[0 0 0 0 0 0 0 0 0 0 0 0 7 7 7 7 8 7 7 7 7 7 7 6 7 6 7 6 7 6 7 6 7 6 7 5 7 5 7 5 7 5 7 4 7 4 7 4 7 4 7 4 7 4 7 4 7 4 7 4 7 4 7 4 0 0 7 4 7 4 7 4 7 4 6 4 6 4 6 4 6 4 6 4 5 4 5 4 5 4 5 4 4 4 4 4 4 4 4 4 3 4 3 4 3 4 2 4 2 4 2 4 2 4 1 4 1 4 0 0 0 0 0 0 0 0 0 0 ]
CSI_DATA,AP,10:B4:1D:CC:60:E0,-26,11,1,7,1,1,1,1,0,0,1,-94,0,6,2,13401287,0,68,0,0,13.1107,384,[0 0 0 0 0 0 0 0 0 0 0 0 3 -11 3 -11 2 -11 2 -11 2 -11 2 -11 2 -10 2 -10 2 -10 1 -10 1 -10 1 -10 1 -10 1 -9 0 -10 1 -9 0 -9 0 -9 0 -9 0 -9 0 -9 0 -9 0 -9 -1 -9 0 -9 0 -9 0 0 0 -9 0 -9 0 -9 0 -8 0 -9 0 -9 0 -9 1 -9 1 -8 1 -8 1 -8 1 -7 1 -7 1 -7 2 -6 2 -6 2 -6 2 -6 2 -6 2 -5 2 -5 2 -5 2 -5 2 -4 2 -4 2 -4 0 0 0 0 0 0 0 0 0 0 ]
CSI_DATA,AP,10:B4:1D:CC:60:E0,-26,11,1,7,1,1,1,1,0,0,1,-94,0,6,2,13491534,0,68,0,0,13.2009,384,[0 0 0 0 0 0 0 0 0 0 0 0 -11 -5 -10 -5 -10 -5 -10 -5 -10 -5 -10 -5 -10 -4 -10 -4 -9 -4 -9 -4 -10 -4 -9 -3 -9 -3 -9 -3 -9 -3 -9 -2 -9 -2 -9 -2 -9 -2 -10 -2 -9 -2 -9 -2 -9 -2 -9 -2 -9 -2 -9 -2 0 0 -9 -2 -9 -2 -9 -2 -9 -2 -9 -2 -9 -2 -8 -3 -8 -2 -8 -3 -8 -3 -8 -3 -7 -3 -7 -3 -7 -3 -7 -3 -6 -3 -6 -3 -6 -3 -5 -3 -5 -3 -5 -3 -5 -4 -4 -4 -4 -4 -4 -4 -4 -4 0 0 0 0 0 0 0 0 0 0 ]
CSI_DATA,AP,10:B4:1D:CC:60:E0,-26,11,1,7,1,1,1,1,0,0,1,-94,0,6,2,13581442,0,68,0,0,13.2908,384,[0 0 0 0 0 0 0 0 0 0 0 0 -8 -8 -8 -8 -8 -8 -8 -8 -8 -8 -8 -7 -8 -7 -8 -7 -8 -7 -8 -7 -8 -6 -8 -6 -8 -6 -8 -6 -8 -6 -8 -6 -8 -5 -8 -5 -8 -5 -8 -5 -8 -5 -8 -5 -8 -5 -8 -5 -8 -5 -8 -5 0 0 -8 -5 -8 -5 -7 -5 -7 -5 -7 -5 -7 -5 -7 -6 -6 -6 -6 -5 -6 -5 -6 -5 -6 -6 -5 -5 -5 -6 -5 -6 -5 -5 -4 -5 -4 -5 -4 -5 -3 -5 -3 -5 -3 -5 -3 -5 -2 -5 -2 -5 -2 -5 0 0 0 0 0 0 0 0 0 0 ]
CSI_DATA,AP,10:B4:1D:CC:60:E0,-27,11,1,7,1,1,1,1,0,0,1,-94,0,6,2,13671436,0,68,0,0,13.3808,384,[0 0 0 0 0 0 0 0 0 0 0 0 -6 9 -6 9 -5 9 -5 9 -5 8 -5 9 -5 8 -5 8 -5 8 -4 8 -4 8 -4 8 -4 8 -4 8 -4 8 -3 7 -3 8 -3 7 -3 8 -3 8 -3 8 -3 8 -3 7 -2 8 -2 8 -3 8 0 0 -3 8 -3 7 -3 7 -3 7 -3 7 -3 7 -3 7 -4 7 -4 6 -4 6 -4 6 -4 6 -4 6 -4 5 -4 5 -4 5 -4 4 -4 4 -4 4 -4 3 -4 3 -4 3 -4 3 -4 3 -4 2 -4 2 0 0 0 0 0 0 0 0 0 0 ]
CSI_DATA,AP,10:B4:1D:CC:60:E0,-26,11,1,7,1,1,1,1,0,0,1,-94,0,6,2,13761388,0,68,0,0,13.4708,384,[0 0 0 0 0 0 0 0 0 0 0 0 -5 10 -5 10 -4 10 -4 10 -4 9 -4 9 -4 9 -4 9 -4 9 -3 8 -3 9 -3 8 -3 8 -3 8 -2 8 -2 8 -2 8 -2 8 -2 8 -2 8 -2 8 -2 8 -2 8 -1 8 -1 8 -1 8 0 0 -2 8 -2 8 -2 8 -2 8 -2 8 -2 8 -2 7 -3 7 -2 7 -3 7 -3 7 -3 6 -3 6 -3 6 -3 5 -3 5 -3 5 -3 5 -3 4 -3 4 -3 4 -4 4 -4 3 -4 3 -4 3 -4 2 0 0 0 0 0 0 0 0 0 0 ]
CSI_DATA,AP,10:B4:1D:CC:60:E0,-26,11,1,7,1,1,1,1,0,0,1,-94,0,6,2,13851353,0,68,0,0,13.5607,384,[0 0 0 0 0 0 0 0 0 0 0 0 -5 10 -5 9 -5 10 -4 9 -4 9 -4 9 -4 9 -4 9 -4 8 -4 9 -3 9 -3 8 -3 8 -3 8 -3 8 -2 8 -2 8 -2 8 -2 8 -2 8 -2 8 -2 8 -2 8 -2 8 -1 8 -2 8 0 0 -2 8 -2 8 -2 7 -2 8 -2 8 -2 8 -3 7 -3 7 -3 7 -3 7 -3 6 -3 6 -3 6 -3 5 -3 5 -3 5 -3 5 -3 4 -3 4 -3 4 -4 4 -4 3 -4 3 -4 3 -3 3 -4 2 0 0 0 0 0 0 0 0 0 0 ]
CSI_DATA,AP,10:B4:1D:CC:60:E0,-27,11,1,7,1,1,1,1,0,0,1,-94,0,6,2,13941336,0,68,0,0,13.6507,384,[0 0 0 0 0 0 0 0 0 0 0 0 -2 10 -3 10 -2 10 -2 10 -2 10 -2 10 -2 9 -2 9 -2 9 -2 9 -1 9 -1 9 -1 9 -1 8 -1 8 -1 8 -1 8 -1 8 -1 8 -1 8 0 8 0 8 0 8 0 8 0 8 0 8 0 0 -1 8 0 8 -1 8 -1 8 -1 8 -1 8 -1 8 -2 7 -2 7 -2 7 -2 7 -2 6 -2 6 -3 6 -2 5 -3 5 -3 5 -3 5 -3 4 -3 4 -3 4 -3 4 -3 3 -3 3 -3 3 -3 3 0 0 0 0 0 0 0 0 0 0 ]
CSI_DATA,AP,10:B4:1D:CC:60:E0,-26,11,1,7,1,1,1,1,0,0,1,-94,0,6,2,14031427,0,68,0,0,13.7408,384,[0 0 0 0 0 0 0 0 0 0 0 0 10 -4 10 -4 10 -4 9 -4 10 -4 9 -4 9 -4 9 -4 9 -4 8 -4 8 -5 8 -5 8 -5 7 -5 7 -5 7 -5 7 -5 7 -5 7 -5 7 -6 7 -5 7 -5 6 -5 7 -6 6 -6 6 -6 0 0 6 -5 6 -6 6 -5 7 -5 6 -5 6 -5 6 -5 6 -4 7 -4 6 -4 6 -4 6 -4 6 -3 6 -3 6 -3 6 -2 5 -2 5 -2 5 -2 5 -2 5 -1 5 -1 4 -1 4 -1 4 -1 4 0 0 0 0 0 0 0 0 0 0 0 ]
CSI_DATA,AP,10:B4:1D:CC:60:E0,-26,11,1,7,1,1,1,1,0,0,1,-94,0,6,2,14121389,0,68,0,0,13.8308,384,[0 0 0 0 0 0 0 0 0 0 0 0 10 2 10 2 10 2 10 2 10 2 9 2 9 2 9 2 9 1 9 1 9 1 9 1 8 1 8 0 8 0 8 0 8 0 8 0 8 0 8 0 8 -1 8 -1 8 -1 8 -1 8 -1 8 -1 0 0 8 -1 8 -1 8 -1 8 -1 8 0 8 0 8 0 7 0 7 0 7 0 7 0 6 1 6 1 6 1 6 1 5 1 5 1 5 1 5 1 5 1 4 1 4 2 4 2 3 2 4 2 3 2 0 0 0 0 0 0 0 0 0 0 ]
CSI_DATA,AP,10:B4:1D:CC:60:E0,-26,11,1,7,1,1,1,1,0,0,1,-94,0,6,2,14211424,0,68,0,0,13.9208,384,[0 0 0 0 0 0 0 0 0 0 0 0 9 -8 8 -7 8 -7 8 -7 8 -7 8 -7 7 -7 7 -7 7 -7 7 -7 7 -7 6 -7 6 -7 6 -7 6 -7 6 -7 5 -7 5 -7 5 -7 5 -7 5 -7 5 -7 5 -7 5 -7 5 -7 5 -7 0 0 5 -7 5 -7 5 -7 5 -7 5 -7 5 -7 5 -7 5 -6 5 -6 5 -5 5 -5 5 -5 5 -5 5 -4 5 -4 5 -4 5 -4 5 -3 4 -3 5 -3 4 -3 4 -2 4 -2 4 -2 4 -2 4 -1 0 0 0 0 0 0 0 0 0 0 ]
CSI_DATA,AP,10:B4:1D:CC:60:E0,-26,11,1,7,1,1,1,1,0,0,1,-94,0,6,2,14301357,0,68,0,0,14.0107,384,[0 0 0 0 0 0 0 0 0 0 0 0 6 9 6 9 6 8 6 8 6 8 6 8 6 8 6 7 5 7 6 7 5 7 6 6 6 6 6 6 6 6 6 6 6 5 6 5 6 5 6 5 6 5 6 5 6 5 6 5 6 5 6 5 0 0 6 5 6 5 6 5 6 5 5 5 5 5 5 6 5 5 5 5 4 5 4 5 4 5 3 5 3 5 3 5 3 5 2 5 2 5 2 5 2 4 1 5 1 4 1 4 1 4 1 4 0 4 0 0 0 0 0 0 0 0 0 0 ]
CSI_DATA,AP,10:B4:1D:CC:60:E0,-26,11,1,7,1,1,1,1,0,0,1,-94,0,6,2,14391340,0,68,0,0,14.1007,384,[0 0 0 0 0 0 0 0 0 0 0 0 -1 11 -1 11 -1 11 -1 10 -1 10 -1 10 -1 10 -1 9 -1 9 0 9 0 9 0 9 0 9 0 9 0 8 1 8 1 8 1 8 1 8 1 8 1 8 1 8 1 8 1 8 1 8 1 8 0 0 1 8 1 8 1 8 1 8 1 8 0 8 0 8 0 7 0 7 0 7 0 7 -1 7 -1 7 -1 6 -1 6 -1 6 -1 6 -2 5 -2 5 -2 5 -2 5 -2 4 -2 4 -2 4 -2 4 -3 3 0 0 0 0 0 0 0 0 0 0 ]
CSI_DATA,AP,10:B4:1D:CC:60:E0,-26,11,1,7,1,1,1,1,0,0,1,-94,0,6,2,14481338,0,68,0,0,14.1907,384,[0 0 0 0 0 0 0 0 0 0 0 0 -8 8 -8 8 -8 8 -8 8 -8 8 -7 7 -7 7 -7 7 -7 7 -7 7 -6 7 -6 7 -6 7 -6 7 -5 7 -5 7 -5 7 -5 7 -5 7 -5 7 -4 7 -4 7 -5 7 -5 7 -4 7 -4 7 0 0 -5 7 -4 7 -4 7 -5 7 -5 7 -5 7 -5 6 -5 6 -5 6 -5 5 -5 5 -5 5 -5 5 -5 4 -5 4 -5 4 -5 4 -5 3 -5 3 -5 3 -5 2 -5 2 -5 2 -5 2 -5 1 -5 1 0 0 0 0 0 0 0 0 0 0 ]
CSI_DATA,AP,10:B4:1D:CC:60:E0,-26,11,1,7,1,1,1,1,0,0,1,-94,0,6,2,14571454,0,68,0,0,14.2808,384,[0 0 0 0 0 0 0 0 0 0 0 0 10 2 10 2 10 2 10 2 9 2 9 2 9 2 9 2 9 2 9 1 9 1 9 1 8 1 8 1 8 1 8 0 8 0 8 0 8 0 8 0 8 0 8 0 8 -1 8 -1 8 -1 8 -1 0 0 8 -1 8 0 8 0 8 0 8 0 8 0 8 0 7 1 7 1 7 1 7 1 6 1 6 1 6 1 6 1 5 1 5 1 5 1 5 2 5 2 4 2 4 2 4 2 3 2 3 2 3 2 0 0 0 0 0 0 0 0 0 0 ]
CSI_DATA,AP,10:B4:1D:CC:60:E0,-26,11,1,7,1,1,1,1,0,0,1,-94,0,6,2,14661559,0,68,0,0,14.3709,384,[0 0 0 0 0 0 0 0 0 0 0 0 1 -11 1 -11 1 -11 1 -11 1 -10 1 -11 1 -10 1 -10 1 -10 0 -10 0 -10 0 -9 0 -9 0 -9 0 -10 0 -9 -1 -9 -1 -9 -1 -9 -1 -9 -1 -9 -1 -9 -1 -9 -2 -9 -2 -9 -1 -9 0 0 -1 -9 -1 -9 -1 -9 -1 -8 -1 -9 -1 -9 -1 -9 0 -8 0 -8 0 -8 0 -7 0 -8 0 -7 1 -7 1 -7 1 -7 1 -6 1 -6 1 -6 1 -6 1 -5 1 -5 1 -5 2 -5 1 -4 2 -4 0 0 0 0 0 0 0 0 0 0 ]
CSI_DATA,AP,10:B4:1D:CC:60:E0,-26,11,1,7,1,1,1,1,0,0,1,-94,0,6,2,14751451,0,68,0,0,14.4608,384,[0 0 0 0 0 0 0 0 0 0 0 0 -11 4 -11 4 -11 4 -10 4 -10 4 -10 4 -10 4 -10 3 -9 4 -9 4 -9 4 -9 4 -9 4 -8 4 -8 4 -8 5 -8 4 -8 5 -7 5 -8 5 -8 4 -7 5 -8 5 -7 5 -7 5 -7 5 0 0 -7 5 -7 5 -7 5 -7 4 -7 4 -7 4 -7 4 -7 4 -7 3 -7 3 -7 3 -7 3 -7 2 -7 2 -7 2 -7 2 -6 2 -6 1 -6 1 -6 1 -6 0 -6 0 -6 0 -5 0 -5 0 -5 -1 0 0 0 0 0 0 0 0 0 0 ]
CSI_DATA,AP,10:B4:1D:CC:60:E0,-25,11,1,7,1,1,1,1,0,0,1,-94,0,6,2,14841386,0,68,0,0,14.5508,384,[0 0 0 0 0 0 0 0 0 0 0 0 9 -7 9 -7 9 -7 8 -6 8 -6 8 -6 8 -6 8 -6 7 -6 7 -7 7 -6 7 -6 6 -7 6 -7 6 -7 6 -7 6 -7 6 -7 5 -7 5 -7 5 -7 5 -7 5 -7 5 -7 5 -7 5 -7 0 0 5 -7 5 -7 5 -7 5 -7 5 -7 5 -6 5 -6 5 -6 5 -6 5 -6 5 -5 5 -5 5 -5 5 -5 5 -4 5 -4 5 -4 5 -4 4 -3 4 -3 4 -3 4 -3 4 -3 4 -2 4 -2 4 -1 0 0 0 0 0 0 0 0 0 0 ]
CSI_DATA,AP,10:B4:1D:CC:60:E0,-28,11,1,7,1,1,1,1,0,0,1,-94,0,6,2,14931458,0,68,0,0,14.6408,384,[0 0 0 0 0 0 0 0 0 0 0 0 9 -6 9 -5 9 -5 9 -5 8 -5 8 -5 8 -5 8 -5 7 -5 7 -5 7 -5 7 -5 7 -5 6 -6 6 -6 6 -6 6 -5 6 -6 6 -6 6 -6 6 -6 5 -6 5 -6 5 -6 5 -6 5 -6 0 0 5 -6 5 -6 5 -6 6 -5 5 -5 6 -5 6 -5 6 -5 5 -4 6 -4 5 -4 5 -4 5 -4 5 -3 5 -3 5 -3 5 -2 4 -2 4 -2 4 -2 4 -2 4 -2 4 -1 4 -1 4 -1 3 -1 0 0 0 0 0 0 0 0 0 0 ]
CSI_DATA,AP,10:B4:1D:CC:60:E0,-26,11,1,7,1,1,1,1,0,0,1,-94,0,6,2,15021311,0,68,0,0,14.7307,384,[0 0 0 0 0 0 0 0 0 0 0 0 -1 -12 -1 -12 -1 -11 -1 -11 -1 -11 -1 -11 -2 -10 -2 -10 -2 -10 -2 -10 -2 -10 -2 -10 -2 -9 -2 -9 -3 -9 -3 -9 -2 -9 -3 -9 -3 -9 -3 -9 -3 -9 -3 -9 -3 -9 -3 -9 -3 -9 -3 -8 0 0 -3 -9 -3 -9 -3 -8 -3 -9 -3 -9 -2 -9 -2 -9 -2 -8 -2 -8 -1 -8 -1 -8 -1 -8 -1 -7 -1 -7 -1 -7 0 -7 0 -7 0 -6 0 -6 0 -6 0 -6 1 -6 1 -6 1 -5 1 -5 1 -5 0 0 0 0 0 0 0 0 0 0 ]
CSI_DATA,AP,10:B4:1D:CC:60:E0,-26,11,1,7,1,1,1,1,0,0,1,-94,0,6,2,15111553,0,68,0,0,14.8209,384,[0 0 0 0 0 0 0 0 0 0 0 0 10 3 10 3 10 3 10 3 9 3 10 2 9 2 9 2 9 2 9 2 9 1 9 1 9 1 8 1 8 1 8 1 9 1 8 0 8 0 8 0 8 0 8 0 8 0 8 0 8 0 8 0 0 0 8 0 8 0 8 0 8 0 8 1 8 1 7 1 7 1 7 1 7 1 7 1 6 2 6 2 6 2 5 2 6 2 5 2 5 2 5 2 4 2 4 2 4 2 4 2 3 2 3 3 3 3 0 0 0 0 0 0 0 0 0 0 ]
CSI_DATA,AP,10:B4:1D:CC:60:E0,-26,11,1,7,1,1,1,1,0,0,1,-94,0,6,2,15201347,0,68,0,0,14.9107,384,[0 0 0 0 0 0 0 0 0 0 0 0 8 7 7 7 7 7 7 7 7 6 7 6 7 6 7 6 7 6 7 6 7 5 7 5 7 5 7 5 7 5 7 4 7 4 7 4 7 4 7 4 7 4 7 4 7 4 7 4 7 4 7 3 0 0 7 4 7 4 7 4 7 4 7 4 6 4 6 4 6 4 6 4 6 4 5 4 5 4 4 4 4 4 4 4 4 4 4 4 3 4 3 4 3 4 3 4 2 4 2 4 2 4 2 4 1 4 0 0 0 0 0 0 0 0 0 0 ]
CSI_DATA,AP,10:B4:1D:CC:60:E0,-25,11,1,7,1,1,1,1,0,0,1,-94,0,6,2,15291391,0,68,0,0,15.0008,384,[0 0 0 0 0 0 0 0 0 0 0 0 3 10 3 10 3 10 3 9 3 9 3 9 3 9 3 8 3 8 3 8 3 8 3 8 3 8 4 8 4 7 4 7 4 7 4 7 4 7 4 7 4 7 4 7 4 7 5 7 5 7 4 6 0 0 4 7 4 7 4 7 4 7 4 7 4 7 3 7 3 7 3 7 3 7 3 7 2 7 2 7 2 6 2 6 1 6 1 6 1 5 0 5 0 5 0 5 0 5 0 5 -1 5 -1 4 -1 4 0 0 0 0 0 0 0 0 0 0 ]
CSI_DATA,AP,10:B4:1D:CC:60:E0,-26,11,1,7,1,1,1,1,0,0,1,-94,0,6,2,15381442,0,68,0,0,15.0908,384,[0 0 0 0 0 0 0 0 0 0 0 0 -7 8 -7 8 -6 8 -6 8 -6 8 -6 8 -6 7 -6 7 -6 7 -5 7 -5 7 -5 7 -5 7 -5 7 -4 7 -4 7 -4 7 -4 7 -4 7 -4 7 -3 7 -4 7 -4 7 -3 7 -3 7 -3 7 0 0 -4 7 -3 7 -3 7 -4 7 -4 7 -4 7 -4 7 -4 7 -4 6 -4 6 -5 6 -5 6 -5 5 -5 5 -5 5 -5 4 -5 4 -5 4 -4 4 -5 3 -5 3 -5 3 -5 3 -5 2 -5 2 -5 2 0 0 0 0 0 0 0 0 0 0 ]
CSI_DATA,AP,10:B4:1D:CC:60:E0,-26,11,1,7,1,1,1,1,0,0,1,-94,0,6,2,15471406,0,68,0,0,15.1808,384,[0 0 0 0 0 0 0 0 0 0 0 0 5 -10 5 -10 5 -10 5 -10 5 -10 4 -10 4 -9 4 -9 4 -9 4 -9 3 -9 3 -9 3 -9 2 -9 3 -9 3 -9 2 -9 2 -9 2 -9 2 -9 2 -9 2 -9 2 -9 1 -9 1 -9 2 -9 0 0 2 -9 2 -9 2 -9 2 -9 2 -9 2 -9 2 -8 3 -8 3 -8 3 -8 3 -7 3 -7 3 -7 3 -7 3 -6 3 -6 3 -6 3 -5 3 -5 3 -5 3 -4 4 -5 3 -4 3 -4 3 -4 3 -3 0 0 0 0 0 0 0 0 0 0 ]
CSI_DATA,AP,10:B4:1D:CC:60:E0,-24,11,1,7,0,1,1,1,0,0,1,-94,0,6,2,15562464,0,68,0,0,15.2718,256,[0 0 0 0 0 0 0 0 0 0 0 0 -18 -4 -18 -4 -17 -4 -17 -4 -17 -4 -17 -3 -16 -3 -16 -3 -16 -3 -15 -2 -16 -3 -15 -2 -15 -2 -15 -2 -15 -1 -14 -1 -15 -1 -14 0 -15 0 -14 0 -14 0 -14 0 -14 0 -14 0 -14 0 -14 0 0 0 -14 0 -14 0 -14 0 -14 -1 -14 -1 -14 -1 -14 -1 -13 -1 -13 -2 -13 -2 -12 -3 -12 -3 -12 -3 -11 -3 -11 -3 -11 -3 -10 -4 -10 -4 -10 -4 -9 -4 -9 -4 -8 -4 -8 -5 -7 -5 -7 -5 -6 -5 0 0 0 0 0 0 0 0 0 0 ]
CSI_DATA,AP,10:B4:1D:CC:60:E0,-28,11,1,7,1,1,1,1,0,0,1,-94,0,6,2,15651252,0,68,0,0,15.3606,384,[0 0 0 0 0 0 0 0 0 0 0 0 11 -2 10 -2 10 -2 10 -2 10 -2 10 -2 9 -2 9 -2 9 -2 9 -2 8 -3 8 -3 8 -3 8 -3 8 -3 8 -3 8 -3 7 -3 7 -4 7 -4 7 -4 7 -4 7 -4 7 -4 7 -4 7 -4 0 0 7 -4 7 -4 7 -4 7 -4 7 -4 7 -3 7 -3 7 -3 7 -3 7 -3 7 -2 6 -2 6 -2 6 -2 6 -2 6 -1 6 -1 5 -1 5 -1 5 -1 5 0 5 0 5 0 4 0 4 0 4 1 0 0 0 0 0 0 0 0 0 0 ]
CSI_DATA,AP,10:B4:1D:CC:60:E0,-28,11,1,7,1,1,1,1,0,0,1,-94,0,6,2,15741367,0,68,0,0,15.4507,384,[0 0 0 0 0 0 0 0 0 0 0 0 4 -11 4 -11 3 -11 3 -10 3 -10 3 -10 3 -10 3 -10 3 -10 3 -9 2 -9 2 -9 2 -9 2 -9 1 -9 1 -9 1 -9 1 -9 1 -9 1 -9 1 -9 1 -9 1 -9 1 -9 0 -9 0 -9 0 0 1 -9 1 -9 1 -9 1 -9 1 -9 1 -9 1 -8 1 -8 2 -8 2 -8 2 -7 2 -7 2 -7 2 -7 2 -6 2 -6 3 -6 3 -6 2 -5 2 -5 3 -5 3 -5 3 -4 3 -4 3 -4 3 -3 0 0 0 0 0 0 0 0 0 0 ]
CSI_DATA,AP,10:B4:1D:CC:60:E0,-29,11,1,7,1,1,1,1,0,0,1,-94,0,6,2,15831510,0,68,0,0,15.5409,384,[0 0 0 0 0 0 0 0 0 0 0 0 -12 -3 -12 -2 -11 -2 -11 -2 -11 -2 -11 -2 -10 -2 -11 -2 -10 -2 -10 -1 -10 -1 -10 -1 -10 -1 -10 -1 -10 -1 -9 0 -10 -1 -9 0 -9 0 -9 0 -9 0 -9 0 -9 0 -9 0 -9 1 -9 0 0 0 -9 0 -9 0 -9 0 -9 0 -9 0 -9 -1 -9 -1 -9 -1 -9 -1 -8 -1 -8 -1 -8 -1 -7 -1 -7 -2 -7 -2 -7 -2 -7 -2 -6 -2 -6 -2 -6 -3 -5 -3 -5 -3 -5 -3 -5 -3 -5 -3 -4 -3 0 0 0 0 0 0 0 0 0 0 ]
CSI_DATA,AP,10:B4:1D:CC:60:E0,-29,11,1,7,1,1,1,1,0,0,1,-94,0,6,2,15921375,0,68,0,0,15.6308,384,[0 0 0 0 0 0 0 0 0 0 0 0 0 11 0 10 0 11 0 10 0 10 0 10 0 10 0 9 1 9 1 9 1 9 1 9 1 9 1 8 2 9 2 8 2 8 2 8 2 8 2 8 2 8 2 8 2 8 2 8 2 8 2 8 0 0 2 8 2 8 2 8 2 8 2 8 2 8 1 8 1 7 1 7 1 7 0 7 0 7 0 7 0 7 0 6 -1 6 -1 6 -1 5 -1 5 -1 5 -1 5 -2 5 -2 5 -2 4 -2 4 -2 4 0 0 0 0 0 0 0 0 0 0 ]
CSI_DATA,AP,10:B4:1D:CC:60:E0,-29,11,1,7,1,1,1,1,0,0,1,-94,0,6,2,16011468,0,68,0,0,15.7208,384,[0 0 0 0 0 0 0 0 0 0 0 0 4 10 4 10 4 10 3 9 4 10 4 9 4 9 4 9 4 8 4 8 4 8 4 8 4 8 4 8 4 8 4 7 4 7 5 7 5 7 5 7 5 7 5 7 5 6 5 7 5 6 5 7 0 0 5 7 5 7 4 7 4 6 4 7 4 7 4 7 4 7 3 7 3 6 3 6 3 6 2 6 2 6 2 6 1 6 1 6 1 5 1 5 1 5 1 5 0 5 0 5 0 5 0 4 -1 4 0 0 0 0 0 0 0 0 0 0 ]
CSI_DATA,AP,10:B4:1D:CC:60:E0,-28,11,1,7,1,1,1,1,0,0,1,-94,0,6,2,16101483,0,68,0,0,15.8109,384,[0 0 0 0 0 0 0 0 0 0 0 0 -12 -3 -12 -3 -11 -2 -11 -2 -11 -2 -11 -2 -11 -2 -10 -2 -10 -2 -10 -2 -10 -1 -10 -1 -10 -1 -10 -1 -10 -1 -9 0 -9 0 -9 0 -10 0 -9 0 -9 0 -9 0 -9 0 -9 1 -9 0 -9 0 0 0 -9 0 -9 0 -9 0 -9 0 -9 0 -9 -1 -9 -1 -9 -1 -8 -1 -8 -1 -8 -1 -8 -1 -8 -2 -7 -2 -7 -2 -7 -2 -7 -2 -6 -2 -6 -3 -6 -3 -5 -3 -5 -3 -5 -3 -5 -3 -5 -3 -4 -3 0 0 0 0 0 0 0 0 0 0 ]
CSI_DATA,AP,10:B4:1D:CC:60:E0,-28,11,1,7,1,1,1,1,0,0,1,-94,0,6,2,16191506,0,68,0,0,15.9009,384,[0 0 0 0 0 0 0 0 0 0 0 0 5 -10 5 -10 5 -10 5 -10 5 -10 5 -9 5 -9 4 -9 4 -9 4 -9 4 -9 3 -9 3 -9 3 -9 3 -9 3 -9 3 -9 2 -9 2 -9 2 -9 2 -9 2 -9 2 -9 2 -9 2 -9 2 -9 0 0 2 -9 2 -9 2 -9 2 -9 2 -9 2 -8 3 -8 3 -8 3 -8 3 -7 3 -7 3 -7 3 -7 3 -7 3 -6 3 -6 3 -6 3 -5 3 -5 3 -4 3 -5 3 -4 3 -4 3 -4 3 -3 3 -3 0 0 0 0 0 0 0 0 0 0 ]
CSI_DATA,AP,10:B4:1D:CC:60:E0,-28,11,1,7,1,1,1,1,0,0,1,-94,0,6,2,16281470,0,68,0,0,15.9909,384,[0 0 0 0 0 0 0 0 0 0 0 0 -12 -1 -12 -1 -12 -1 -11 -1 -11 -1 -11 0 -11 -1 -11 -1 -11 -1 -10 0 -10 0 -10 0 -10 0 -10 1 -10 1 -9 1 -10 1 -10 1 -9 1 -9 1 -9 1 -9 1 -9 1 -9 2 -9 2 -9 2 0 0 -9 1 -9 1 -9 1 -9 1 -9 1 -9 1 -9 0 -9 0 -9 0 -9 0 -8 0 -8 0 -8 -1 -8 -1 -7 -1 -7 -1 -7 -1 -7 -2 -6 -2 -6 -2 -6 -2 -6 -2 -5 -2 -5 -2 -5 -3 -5 -3 0 0 0 0 0 0 0 0 0 0 ]
CSI_DATA,AP,10:B4:1D:CC:60:E0,-27,11,1,7,1,1,1,1,0,0,1,-94,0,6,2,16371208,0,68,0,0,16.0806,384,[0 0 0 0 0 0 0 0 0 0 0 0 7 -8 7 -8 7 -8 7 -8 7 -8 7 -8 6 -8 6 -8 6 -8 6 -8 6 -8 5 -8 5 -8 5 -8 5 -8 5 -8 5 -8 4 -8 4 -8 4 -8 4 -8 4 -8 4 -8 4 -8 4 -8 4 -8 0 0 4 -8 4 -8 4 -8 4 -8 4 -8 4 -7 4 -7 4 -7 5 -6 5 -6 5 -6 5 -6 5 -6 5 -5 5 -5 4 -4 5 -5 4 -4 4 -4 4 -4 4 -3 4 -3 4 -3 4 -3 4 -2 4 -2 0 0 0 0 0 0 0 0 0 0 ]
CSI_DATA,AP,10:B4:1D:CC:60:E0,-27,11,1,7,1,1,1,1,0,0,1,-94,0,6,2,16461415,0,68,0,0,16.1708,384,[0 0 0 0 0 0 0 0 0 0 0 0 -12 -1 -12 0 -11 0 -11 0 -11 0 -11 0 -11 0 -11 0 -10 0 -10 0 -10 1 -10 1 -10 1 -10 1 -10 1 -9 1 -9 1 -9 1 -9 2 -9 2 -9 2 -9 2 -9 2 -9 2 -9 2 -9 2 0 0 -9 2 -9 2 -9 2 -9 2 -9 1 -9 1 -9 1 -9 1 -9 0 -8 0 -8 0 -8 0 -8 0 -8 -1 -7 -1 -7 -1 -7 -1 -7 -1 -6 -1 -6 -1 -6 -2 -6 -2 -6 -2 -5 -2 -5 -2 -5 -3 0 0 0 0 0 0 0 0 0 0 ]
CSI_DATA,AP,10:B4:1D:CC:60:E0,-27,11,1,7,1,1,1,1,0,0,1,-94,0,6,2,16551284,0,68,0,0,16.2607,384,[0 0 0 0 0 0 0 0 0 0 0 0 -7 9 -7 8 -7 8 -7 8 -6 8 -6 8 -6 8 -6 8 -6 8 -6 8 -5 8 -5 8 -5 8 -5 8 -5 8 -4 8 -4 8 -4 8 -4 8 -4 8 -4 8 -4 8 -4 8 -3 8 -3 8 -3 8 0 0 -4 8 -4 8 -4 8 -4 8 -4 7 -4 7 -4 7 -4 7 -5 6 -4 6 -5 6 -5 6 -4 6 -5 5 -5 5 -5 5 -5 4 -5 4 -5 4 -5 3 -5 3 -5 3 -5 3 -5 2 -5 2 -4 2 0 0 0 0 0 0 0 0 0 0 ]
CSI_DATA,AP,10:B4:1D:CC:60:E0,-27,11,1,7,1,1,1,1,0,0,1,-94,0,6,2,16641316,0,68,0,0,16.3507,384,[0 0 0 0 0 0 0 0 0 0 0 0 -4 -11 -4 -11 -4 -11 -4 -11 -4 -10 -4 -10 -4 -10 -4 -10 -4 -9 -5 -9 -5 -9 -5 -9 -5 -9 -5 -9 -5 -8 -5 -8 -5 -8 -5 -8 -5 -8 -5 -8 -5 -8 -5 -8 -5 -7 -6 -8 -6 -8 -6 -7 0 0 -6 -8 -5 -8 -5 -8 -5 -7 -5 -8 -5 -8 -5 -8 -5 -8 -4 -8 -4 -8 -4 -7 -3 -7 -3 -7 -3 -7 -3 -7 -2 -7 -2 -7 -2 -6 -2 -6 -1 -6 -1 -6 -1 -6 -1 -6 -1 -6 0 -6 0 -5 0 0 0 0 0 0 0 0 0 0 ]
CSI_DATA,AP,10:B4:1D:CC:60:E0,-27,11,1,7,1,1,1,1,0,0,1,-94,0,6,2,16731439,0,68,0,0,16.4408,384,[0 0 0 0 0 0 0 0 0 0 0 0 -6 -11 -6 -10 -6 -10 -6 -10 -6 -10 -6 -9 -6 -9 -5 -9 -6 -9 -6 -9 -6 -8 -6 -8 -6 -8 -6 -8 -6 -8 -6 -7 -6 -7 -6 -7 -7 -7 -7 -7 -6 -7 -7 -7 -7 -7 -7 -7 -7 -7 -7 -7 0 0 -7 -7 -7 -7 -7 -7 -7 -7 -6 -7 -6 -7 -6 -7 -6 -7 -5 -7 -5 -7 -5 -7 -5 -7 -4 -7 -4 -7 -4 -7 -4 -6 -3 -6 -3 -6 -3 -6 -3 -6 -2 -6 -2 -6 -2 -6 -2 -6 -1 -5 -1 -5 0 0 0 0 0 0 0 0 0 0 ]
CSI_DATA,AP,10:B4:1D:CC:60:E0,-27,11,1,7,1,1,1,1,0,0,1,-94,0,6,2,16821372,0,68,0,0,16.5308,384,[0 0 0 0 0 0 0 0 0 0 0 0 -9 7 -8 7 -8 7 -8 7 -8 7 -8 7 -7 7 -7 7 -7 7 -7 7 -6 7 -6 7 -6 7 -6 7 -6 7 -5 7 -5 7 -5 7 -5 7 -5 7 -5 7 -5 7 -5 7 -4 7 -4 7 -5 7 0 0 -5 7 -5 7 -5 7 -5 7 -5 7 -5 7 -5 6 -5 6 -6 6 -5 6 -5 5 -5 5 -6 5 -5 5 -5 4 -5 4 -5 4 -5 3 -5 3 -5 3 -5 3 -5 2 -5 2 -5 2 -5 1 -5 1 0 0 0 0 0 0 0 0 0 0 ]
CSI_DATA,AP,10:B4:1D:CC:60:E0,-27,11,1,7,1,1,1,1,0,0,1,-94,0,6,2,16911537,0,68,0,0,16.6209,384,[0 0 0 0 0 0 0 0 0 0 0 0 -4 11 -3 10 -3 10 -3 10 -3 10 -3 10 -3 9 -3 9 -3 9 -2 9 -2 9 -2 9 -2 9 -2 9 -1 9 -1 9 -1 8 -1 9 -1 9 -1 9 -1 8 0 8 -1 8 0 9 0 8 0 8 0 0 -1 8 0 8 0 8 -1 8 -1 8 -1 8 -1 8 -1 8 -2 8 -2 8 -2 7 -2 7 -2 7 -2 7 -2 6 -2 6 -3 6 -3 5 -3 5 -3 5 -3 5 -3 4 -3 4 -3 4 -3 4 -3 3 0 0 0 0 0 0 0 0 0 0 ]
CSI_DATA,AP,10:B4:1D:CC:60:E0,-27,11,1,7,1,1,1,1,0,0,1,-94,0,6,2,17001527,0,68,0,0,16.7109,384,[0 0 0 0 0 0 0 0 0 0 0 0 11 -3 11 -2 10 -2 10 -2 10 -2 10 -3 9 -3 9 -3 9 -2 9 -3 9 -3 9 -3 8 -3 8 -3 8 -4 8 -4 8 -4 7 -4 8 -4 8 -4 8 -4 8 -4 7 -4 7 -5 7 -4 7 -5 0 0 8 -4 7 -4 8 -4 7 -4 7 -4 7 -4 7 -3 7 -3 7 -3 7 -2 7 -3 7 -2 7 -2 7 -2 6 -1 6 -1 6 -1 6 -1 6 -1 5 -1 5 0 5 0 5 0 5 0 4 0 4 1 0 0 0 0 0 0 0 0 0 0 ]
CSI_DATA,AP,10:B4:1D:CC:60:E0,-27,11,1,7,1,1,1,1,0,0,1,-94,0,6,2,17091361,0,68,0,0,16.8007,384,[0 0 0 0 0 0 0 0 0 0 0 0 -1 11 -1 11 0 11 0 11 0 10 0 10 0 10 0 10 0 9 0 9 0 9 0 9 1 9 1 9 1 9 1 8 1 8 1 8 2 8 2 8 2 8 2 8 2 8 2 8 2 8 2 8 0 0 1 8 2 8 2 8 1 8 1 8 1 8 1 8 0 8 0 7 0 8 0 7 0 7 0 7 -1 7 -1 6 -1 6 -1 6 -1 6 -1 5 -2 5 -2 5 -2 5 -2 5 -2 4 -2 4 -3 4 0 0 0 0 0 0 0 0 0 0 ]
CSI_DATA,AP,10:B4:1D:CC:60:E0,-28,11,1,7,1,1,1,1,0,0,1,-94,0,6,2,17181470,0,68,0,0,16.8909,384,[0 0 0 0 0 0 0 0 0 0 0 0 -9 -8 -9 -8 -9 -8 -9 -7 -8 -7 -9 -7 -8 -7 -8 -7 -8 -6 -8 -6 -8 -6 -8 -5 -8 -6 -8 -5 -8 -5 -8 -5 -8 -5 -8 -4 -8 -5 -8 -5 -8 -4 -8 -4 -8 -4 -8 -4 -8 -4 -8 -4 0 0 -8 -4 -8 -5 -8 -4 -8 -4 -8 -5 -8 -5 -7 -5 -7 -5 -7 -5 -7 -5 -6 -5 -6 -5 -6 -5 -6 -5 -5 -5 -5 -5 -5 -5 -5 -5 -4 -5 -4 -5 -4 -5 -3 -5 -3 -5 -3 -5 -3 -5 -2 -5 0 0 0 0 0 0 0 0 0 0 ]
CSI_DATA,AP,10:B4:1D:CC:60:E0,-28,11,1,7,1,1,1,1,0,0,1,-94,0,6,2,17271877,0,68,0,0,16.9813,384,[0 0 0 0 0 0 0 0 0 0 0 0 8 -9 7 -9 7 -8 7 -8 7 -8 7 -8 6 -8 6 -8 6 -8 6 -8 5 -8 5 -8 5 -8 5 -8 5 -8 5 -8 4 -8 4 -8 4 -8 4 -8 4 -8 4 -8 4 -8 4 -8 4 -8 4 -8 0 0 4 -8 4 -8 4 -8 4 -8 4 -8 4 -8 4 -7 4 -7 4 -7 4 -7 4 -6 4 -6 4 -6 4 -6 4 -5 4 -5 4 -5 4 -4 4 -4 4 -4 4 -3 4 -4 4 -3 4 -3 4 -2 4 -2 0 0 0 0 0 0 0 0 0 0 ]
CSI_DATA,AP,10:B4:1D:CC:60:E0,-28,11,1,7,1,1,1,1,0,0,1,-94,0,6,2,17361374,0,68,0,0,17.0708,384,[0 0 0 0 0 0 0 0 0 0 0 0 -7 -10 -7 -10 -8 -9 -7 -9 -7 -9 -7 -9 -7 -8 -7 -8 -7 -8 -7 -8 -8 -7 -7 -7 -7 -7 -7 -7 -8 -7 -8 -6 -7 -6 -8 -6 -8 -6 -8 -6 -8 -6 -8 -6 -8 -5 -8 -6 -8 -6 -8 -5 0 0 -8 -6 -8 -6 -8 -6 -8 -5 -7 -6 -7 -6 -7 -6 -7 -6 -6 -6 -6 -6 -6 -6 -6 -6 -5 -6 -5 -6 -5 -6 -5 -6 -4 -6 -4 -6 -4 -5 -3 -5 -3 -5 -3 -5 -3 -5 -2 -5 -2 -5 -2 -5 0 0 0 0 0 0 0 0 0 0 ]
CSI_DATA,AP,10:B4:1D:CC:60:E0,-29,11,1,7,1,1,1,1,0,0,1,-94,0,6,2,17451418,0,68,0,0,17.1608,384,[0 0 0 0 0 0 0 0 0 0 0 0 -9 7 -9 7 -9 7 -8 7 -8 7 -8 7 -8 7 -8 6 -7 6 -7 7 -7 7 -7 7 -6 7 -6 7 -6 7 -6 6 -6 7 -6 7 -6 7 -5 7 -5 7 -5 7 -5 7 -5 7 -5 7 -5 7 0 0 -6 7 -5 7 -5 7 -6 6 -6 6 -6 6 -6 6 -6 6 -6 5 -6 5 -6 5 -6 5 -6 4 -6 4 -6 4 -6 3 -6 3 -6 3 -5 2 -5 2 -5 2 -5 2 -5 2 -5 1 -5 1 -5 1 0 0 0 0 0 0 0 0 0 0 ]
CSI_DATA,AP,10:B4:1D:CC:60:E0,-29,11,1,7,1,1,1,1,0,0,1,-94,0,6,2,17541363,0,68,0,0,17.2507,384,[0 0 0 0 0 0 0 0 0 0 0 0 -11 -3 -11 -3 -11 -3 -11 -3 -11 -3 -11 -3 -10 -3 -10 -3 -10 -3 -10 -2 -10 -2 -10 -2 -10 -2 -10 -1 -10 -1 -9 -1 -9 -1 -9 0 -9 -1 -9 -1 -9 -1 -9 0 -9 0 -9 0 -9 0 -9 0 0 0 -9 0 -9 0 -9 0 -9 0 -9 -1 -9 -1 -9 -1 -8 -1 -9 -1 -8 -1 -8 -2 -8 -2 -8 -2 -7 -2 -7 -2 -7 -2 -6 -2 -6 -2 -6 -3 -6 -3 -5 -3 -5 -3 -5 -3 -5 -3 -5 -3 -4 -3 0 0 0 0 0 0 0 0 0 0 ]
CSI_DATA,AP,10:B4:1D:CC:60:E0,-29,11,1,7,1,1,1,1,0,0,1,-94,0,6,2,17631450,0,68,0,0,17.3408,384,[0 0 0 0 0 0 0 0 0 0 0 0 6 9 6 8 6 8 6 8 6 8 6 8 6 7 6 7 6 7 6 7 6 6 6 6 6 6 6 6 6 6 6 6 6 5 6 5 6 5 6 5 6 5 6 5 6 5 6 5 6 5 6 5 0 0 6 5 6 5 6 5 6 5 6 5 5 6 5 6 5 5 5 5 5 5 4 6 4 5 4 5 3 5 3 5 3 5 2 5 2 5 2 5 2 5 1 5 1 5 1 4 0 4 1 4 0 4 0 0 0 0 0 0 0 0 0 0 ]
CSI_DATA,AP,10:B4:1D:CC:60:E0,-28,11,1,7,1,1,1,1,0,0,1,-94,0,6,2,17721398,0,68,0,0,17.4308,384,[0 0 0 0 0 0 0 0 0 0 0 0 -2 11 -2 11 -2 10 -2 10 -2 10 -2 10 -2 10 -2 9 -2 9 -2 9 -1 9 -2 9 -1 9 -1 9 -1 9 -1 8 -1 9 -1 8 0 8 0 8 0 8 0 8 0 8 0 8 0 8 0 8 0 0 0 8 0 8 0 8 0 8 -1 8 -1 8 -1 8 -1 8 -1 7 -1 7 -1 7 -2 7 -2 7 -2 7 -2 6 -3 6 -3 5 -3 5 -3 5 -3 5 -3 4 -3 4 -3 4 -3 4 -3 3 -3 3 0 0 0 0 0 0 0 0 0 0 ]
CSI_DATA,AP,10:B4:1D:CC:60:E0,-27,11,1,7,1,1,1,1,0,0,1,-94,0,6,2,17811441,0,68,0,0,17.5208,384,[0 0 0 0 0 0 0 0 0 0 0 0 9 5 9 4 9 4 9 4 9 4 9 4 9 4 8 4 8 3 8 3 8 3 8 3 8 2 8 2 8 2 8 2 8 2 8 2 8 1 8 1 8 1 8 1 8 1 8 1 8 1 8 1 0 0 8 1 8 1 8 1 8 1 8 1 8 1 8 2 7 2 7 2 7 2 7 2 6 2 6 2 6 2 6 2 5 2 5 3 5 3 4 2 4 3 4 3 4 3 3 3 3 3 3 3 2 3 0 0 0 0 0 0 0 0 0 0 ]
CSI_DATA,AP,10:B4:1D:CC:60:E0,-26,11,1,7,1,1,1,1,0,0,1,-94,0,6,2,17901438,0,68,0,0,17.6108,384,[0 0 0 0 0 0 0 0 0 0 0 0 11 0 11 -1 11 0 10 0 10 0 10 -1 10 -1 10 -1 9 -1 9 -1 9 -1 9 -1 9 -2 9 -2 9 -2 8 -2 9 -2 8 -3 8 -3 8 -3 8 -3 8 -3 8 -3 8 -3 8 -3 8 -3 0 0 8 -3 8 -3 8 -3 8 -3 8 -3 8 -2 8 -2 8 -2 8 -2 8 -2 7 -1 7 -1 7 -1 7 -1 7 -1 6 0 6 0 6 0 6 0 5 0 5 0 5 0 5 1 5 1 4 1 4 1 0 0 0 0 0 0 0 0 0 0 ]
CSI_DATA,AP,10:B4:1D:CC:60:E0,-25,11,1,7,1,1,1,1,0,0,1,-94,0,6,2,17991489,0,68,0,0,17.7009,384,[0 0 0 0 0 0 0 0 0 0 0 0 2 -11 1 -11 1 -11 1 -11 1 -11 1 -11 1 -10 1 -10 1 -10 0 -10 0 -10 0 -9 0 -10 0 -9 -1 -9 -1 -9 -1 -9 -1 -9 -1 -9 -1 -9 -1 -9 -1 -9 -1 -9 -2 -9 -2 -9 -2 -9 0 0 -1 -9 -2 -9 -1 -9 -1 -9 -1 -9 -1 -9 0 -9 -1 -9 0 -8 0 -8 0 -8 0 -8 0 -8 1 -8 0 -7 1 -7 1 -7 1 -6 1 -6 1 -6 1 -6 2 -5 2 -5 2 -5 2 -5 2 -4 0 0 0 0 0 0 0 0 0 0 ]
CSI_DATA,AP,10:B4:1D:CC:60:E0,-25,11,1,7,1,1,1,1,0,0,1,-94,0,6,2,18081430,0,68,0,0,17.7908,384,[0 0 0 0 0 0 0 0 0 0 0 0 9 4 9 4 9 4 9 4 9 4 9 4 9 3 9 3 8 3 8 3 8 2 8 2 8 2 8 2 8 2 8 2 8 1 8 1 8 1 8 1 8 1 8 1 8 1 8 1 8 1 8 1 0 0 8 1 8 1 8 1 8 1 8 1 8 2 8 2 7 2 7 2 7 2 7 2 6 2 6 2 6 2 6 3 5 3 5 3 5 2 4 3 4 3 4 3 4 3 3 3 3 3 3 3 3 3 0 0 0 0 0 0 0 0 0 0 ]
CSI_DATA,AP,10:B4:1D:CC:60:E0,-26,11,1,7,1,1,1,1,0,0,1,-94,0,6,2,18171435,0,68,0,0,17.8808,384,[0 0 0 0 0 0 0 0 0 0 0 0 5 9 5 9 5 8 5 8 5 8 5 8 5 7 5 7 5 7 5 7 5 6 5 6 5 6 6 6 6 6 6 5 6 5 6 5 6 5 6 5 6 5 6 5 6 5 6 5 6 5 6 4 0 0 6 5 6 5 6 5 6 5 6 5 6 5 5 5 5 5 5 5 5 5 5 5 4 5 4 5 4 5 4 5 3 5 3 5 3 4 3 4 2 4 2 4 2 4 1 4 1 4 1 4 1 4 0 0 0 0 0 0 0 0 0 0 ]
CSI_DATA,AP,10:B4:1D:CC:60:E0,-26,11,1,7,1,1,1,1,0,0,1,-94,0,6,2,18261423,0,68,0,0,17.9708,384,[0 0 0 0 0 0 0 0 0 0 0 0 -6 9 -5 9 -5 9 -5 9 -5 9 -5 9 -5 9 -5 9 -4 9 -4 8 -4 8 -4 8 -3 8 -3 8 -3 8 -3 8 -3 8 -3 8 -2 8 -2 8 -2 8 -2 8 -2 8 -2 8 -2 8 -2 8 0 0 -2 8 -2 8 -2 8 -3 8 -3 8 -3 8 -3 8 -3 7 -3 7 -3 7 -4 6 -4 6 -4 6 -4 6 -4 5 -4 5 -4 5 -4 4 -4 4 -4 4 -4 4 -4 4 -4 3 -4 3 -4 3 -4 2 0 0 0 0 0 0 0 0 0 0 ]
CSI_DATA,AP,10:B4:1D:CC:60:E0,-27,11,1,7,1,1,1,1,0,0,1,-94,0,6,2,18351392,0,68,0,0,18.0608,384,[0 0 0 0 0 0 0 0 0 0 0 0 -11 -6 -10 -6 -10 -6 -10 -6 -10 -5 -10 -5 -9 -5 -9 -5 -9 -5 -9 -4 -9 -4 -9 -4 -9 -4 -9 -4 -9 -4 -9 -3 -9 -3 -9 -3 -9 -3 -9 -3 -9 -3 -9 -3 -9 -3 -9 -3 -9 -3 -9 -2 0 0 -9 -3 -9 -3 -9 -3 -9 -3 -8 -3 -8 -4 -8 -4 -8 -4 -8 -4 -8 -4 -7 -4 -7 -4 -7 -4 -7 -4 -6 -4 -6 -4 -6 -4 -5 -4 -5 -4 -5 -4 -5 -5 -4 -5 -4 -4 -4 -4 -3 -4 -3 -5 0 0 0 0 0 0 0 0 0 0 ]
CSI_DATA,AP,10:B4:1D:CC:60:E0,-27,11,1,7,1,1,1,1,0,0,1,-94,0,6,2,18441394,0,68,0,0,18.1508,384,[0 0 0 0 0 0 0 0 0 0 0 0 2 -11 2 -11 2 -11 2 -11 1 -11 1 -10 1 -10 1 -10 1 -10 1 -10 0 -10 0 -9 0 -9 0 -9 0 -9 0 -9 0 -9 -1 -9 -1 -9 -1 -9 -1 -9 -1 -9 -1 -9 -1 -9 -1 -9 -1 -9 0 0 -1 -9 -1 -9 -1 -9 -1 -9 -1 -9 -1 -9 -1 -9 0 -9 0 -8 0 -8 0 -8 0 -8 1 -8 1 -7 1 -7 1 -7 1 -7 1 -6 1 -6 1 -6 1 -5 2 -5 2 -5 2 -5 2 -5 2 -4 0 0 0 0 0 0 0 0 0 0 ]
CSI_DATA,AP,10:B4:1D:CC:60:E0,-28,11,1,7,1,1,1,1,0,0,1,-94,0,6,2,18533796,0,68,0,0,18.2432,384,[0 0 0 0 0 0 0 0 0 0 0 0 11 1 10 1 10 1 10 1 10 1 10 1 9 1 9 1 9 0 9 0 9 0 9 0 9 0 8 0 8 -1 8 -1 8 -1 8 -1 8 -1 8 -1 8 -2 8 -2 8 -2 8 -2 8 -2 8 -2 0 0 8 -2 8 -2 8 -2 8 -2 8 -1 8 -1 8 -1 8 -1 7 -1 7 0 7 0 7 0 7 0 6 0 6 0 6 1 6 1 5 1 5 1 5 1 5 1 5 1 4 1 4 2 4 2 3 2 0 0 0 0 0 0 0 0 0 0 ]
CSI_DATA,AP,10:B4:1D:CC:60:E0,-28,11,1,7,1,1,1,1,0,0,1,-94,0,6,2,18623680,0,68,0,0,18.3331,384,[0 0 0 0 0 0 0 0 0 0 0 0 -10 5 -10 5 -10 5 -9 5 -9 5 -9 5 -9 4 -9 5 -9 5 -8 5 -8 5 -8 5 -7 5 -7 5 -7 5 -7 5 -7 5 -7 5 -7 6 -6 6 -6 5 -7 5 -6 6 -6 6 -6 6 -6 6 0 0 -6 6 -6 5 -6 6 -6 5 -6 5 -6 5 -7 5 -7 5 -7 4 -6 4 -6 4 -6 4 -6 4 -6 3 -6 3 -6 3 -6 3 -6 2 -6 2 -6 1 -6 1 -5 1 -5 1 -5 1 -5 0 -5 0 0 0 0 0 0 0 0 0 0 0 ]
CSI_DATA,AP,10:B4:1D:CC:60:E0,-28,11,1,7,1,1,1,1,0,0,1,-94,0,6,2,18711435,0,68,0,0,18.4208,384,[0 0 0 0 0 0 0 0 0 0 0 0 1 -12 0 -11 0 -11 0 -11 0 -11 0 -11 0 -11 0 -10 0 -10 -1 -10 -1 -10 -1 -10 -1 -10 -1 -9 -1 -9 -1 -9 -1 -9 -2 -9 -2 -9 -2 -9 -2 -9 -2 -9 -2 -9 -2 -9 -2 -9 -2 -9 0 0 -2 -9 -2 -9 -2 -9 -2 -9 -2 -9 -2 -9 -1 -9 -1 -8 -1 -8 -1 -8 -1 -8 0 -8 0 -8 0 -7 0 -7 0 -7 1 -7 1 -7 1 -6 1 -6 1 -6 1 -6 1 -5 1 -5 2 -5 2 -4 0 0 0 0 0 0 0 0 0 0 ]
CSI_DATA,AP,10:B4:1D:CC:60:E0,-28,11,1,7,1,1,1,1,0,0,1,-94,0,6,2,18801426,0,68,0,0,18.5108,384,[0 0 0 0 0 0 0 0 0 0 0 0 5 -10 5 -10 5 -10 5 -9 5 -10 4 -9 4 -9 4 -9 4 -9 4 -9 4 -9 3 -9 3 -9 3 -9 3 -9 3 -9 3 -8 2 -9 2 -9 2 -9 2 -9 2 -9 2 -9 2 -9 2 -9 2 -9 0 0 2 -8 2 -9 2 -8 2 -9 2 -8 3 -8 3 -8 3 -8 3 -8 3 -8 3 -7 3 -7 3 -7 3 -6 3 -6 3 -5 4 -5 3 -5 3 -5 3 -4 3 -4 4 -4 3 -4 3 -3 3 -3 3 -3 0 0 0 0 0 0 0 0 0 0 ]
CSI_DATA,AP,10:B4:1D:CC:60:E0,-28,11,1,7,1,1,1,1,0,0,1,-94,0,6,2,18891505,0,68,0,0,18.6009,384,[0 0 0 0 0 0 0 0 0 0 0 0 -4 -11 -4 -11 -5 -11 -5 -10 -5 -10 -4 -10 -4 -10 -4 -9 -4 -9 -4 -9 -5 -9 -4 -9 -5 -9 -5 -8 -5 -8 -5 -8 -5 -8 -5 -8 -5 -8 -5 -8 -5 -8 -5 -8 -5 -7 -6 -8 -6 -7 -5 -7 0 0 -5 -8 -5 -7 -5 -8 -5 -8 -5 -8 -5 -8 -4 -8 -4 -8 -4 -7 -4 -7 -4 -7 -3 -8 -3 -7 -3 -7 -2 -7 -2 -7 -2 -7 -2 -6 -2 -6 -1 -6 -1 -6 -1 -6 0 -6 0 -5 0 -5 0 -5 0 0 0 0 0 0 0 0 0 0 ]
CSI_DATA,AP,10:B4:1D:CC:60:E0,-28,11,1,7,1,1,1,1,0,0,1,-94,0,6,2,18981448,0,68,0,0,18.6908,384,[0 0 0 0 0 0 0 0 0 0 0 0 8 -7 8 -7 8 -7 8 -7 7 -7 7 -7 7 -7 7 -7 7 -7 6 -7 6 -7 6 -7 6 -7 5 -7 5 -7 5 -7 5 -7 5 -7 5 -8 5 -8 4 -7 4 -7 4 -7 4 -8 4 -8 4 -8 0 0 5 -8 4 -7 5 -8 4 -7 5 -7 5 -7 5 -7 5 -7 5 -6 5 -6 5 -6 5 -6 5 -6 5 -5 5 -5 4 -4 5 -4 5 -4 4 -3 4 -3 4 -3 4 -3 4 -3 4 -3 4 -2 4 -2 0 0 0 0 0 0 0 0 0 0 ]
CSI_DATA,AP,10:B4:1D:CC:60:E0,-29,11,1,7,1,1,1,1,0,0,1,-94,0,6,2,19071446,0,68,0,0,18.7808,384,[0 0 0 0 0 0 0 0 0 0 0 0 11 2 10 2 10 2 10 2 10 2 9 1 9 1 9 1 9 1 9 1 9 0 9 0 8 0 9 0 8 0 8 0 8 0 8 -1 8 -1 8 -1 8 -1 8 -1 8 -1 8 -1 8 -1 8 -2 0 0 8 -1 8 -1 8 -1 8 -1 8 -1 8 -1 8 0 8 0 7 0 7 0 7 0 7 0 6 0 6 1 6 1 6 1 6 1 5 1 5 1 5 1 5 2 4 2 4 2 4 2 4 2 3 2 0 0 0 0 0 0 0 0 0 0 ]
CSI_DATA,AP,10:B4:1D:CC:60:E0,-29,11,1,7,1,1,1,1,0,0,1,-94,0,6,2,19161616,0,68,0,0,18.871,384,[0 0 0 0 0 0 0 0 0 0 0 0 -11 3 -11 2 -11 2 -11 2 -11 3 -10 2 -10 3 -10 3 -10 2 -10 3 -9 3 -9 3 -9 3 -9 3 -8 3 -8 3 -8 3 -8 4 -8 4 -8 4 -7 4 -8 4 -8 4 -8 4 -8 4 -8 4 0 0 -8 4 -8 4 -7 4 -8 4 -8 3 -8 3 -8 3 -8 3 -8 2 -7 2 -8 2 -7 2 -7 1 -7 1 -7 1 -7 1 -7 1 -6 0 -6 0 -6 0 -6 0 -5 -1 -5 -1 -5 -1 -5 -1 -5 -1 0 0 0 0 0 0 0 0 0 0 ]
CSI_DATA,AP,10:B4:1D:CC:60:E0,-29,11,1,7,1,1,1,1,0,0,1,-94,0,6,2,19251506,0,68,0,0,18.9609,384,[0 0 0 0 0 0 0 0 0 0 0 0 9 6 9 6 9 5 9 5 8 5 8 5 8 5 8 5 8 5 8 4 8 4 8 4 8 3 8 3 8 3 8 3 8 3 8 3 8 3 8 2 8 3 8 3 8 2 8 2 8 2 8 2 0 0 8 2 7 2 7 2 7 2 7 3 7 3 7 3 6 3 6 3 6 3 6 3 6 3 5 3 5 3 5 4 5 3 4 3 4 3 4 3 3 3 3 3 3 3 2 3 2 3 2 3 2 3 0 0 0 0 0 0 0 0 0 0 ]
CSI_DATA,AP,10:B4:1D:CC:60:E0,-28,11,1,7,1,1,1,1,0,0,1,-94,0,6,2,19341829,0,68,0,0,19.0512,384,[0 0 0 0 0 0 0 0 0 0 0 0 11 -1 11 -1 11 -1 10 -1 10 -1 10 -1 10 -1 10 -1 10 -2 9 -2 9 -2 9 -2 9 -2 9 -2 8 -2 9 -3 8 -2 9 -3 8 -3 8 -3 8 -3 8 -3 8 -3 8 -3 8 -3 8 -3 0 0 8 -3 8 -3 7 -3 8 -3 8 -2 8 -2 8 -2 8 -2 8 -2 8 -1 7 -1 7 -1 7 -1 6 0 7 0 6 0 6 0 6 0 5 0 5 1 5 1 5 1 4 1 4 1 4 1 4 1 0 0 0 0 0 0 0 0 0 0 ]
CSI_DATA,AP,10:B4:1D:CC:60:E0,-28,11,1,7,1,1,1,1,0,0,1,-94,0,6,2,19431631,0,68,0,0,19.141,384,[0 0 0 0 0 0 0 0 0 0 0 0 -10 -6 -10 -6 -10 -6 -9 -6 -9 -6 -9 -6 -9 -6 -9 -5 -9 -5 -9 -5 -9 -4 -9 -4 -9 -4 -9 -4 -9 -4 -9 -3 -9 -3 -9 -3 -9 -3 -9 -3 -9 -3 -9 -3 -9 -2 -9 -2 -9 -2 -9 -2 0 0 -9 -3 -9 -3 -9 -3 -9 -3 -8 -3 -8 -3 -8 -3 -8 -3 -8 -3 -8 -3 -8 -3 -7 -4 -7 -4 -7 -4 -6 -4 -6 -4 -6 -4 -6 -4 -5 -4 -5 -4 -5 -4 -4 -4 -4 -4 -4 -4 -4 -4 -3 -4 0 0 0 0 0 0 0 0 0 0 ]
CSI_DATA,AP,10:B4:1D:CC:60:E0,-29,11,1,7,1,1,1,1,0,0,1,-94,0,6,2,19521370,0,68,0,0,19.2308,384,[0 0 0 0 0 0 0 0 0 0 0 0 -9 8 -8 8 -8 7 -8 7 -8 7 -8 7 -8 7 -7 7 -7 7 -7 7 -7 7 -6 7 -6 7 -6 7 -6 7 -5 7 -5 7 -5 7 -5 7 -5 7 -5 7 -5 7 -5 7 -4 7 -4 7 -4 7 0 0 -5 7 -5 7 -5 7 -5 7 -5 7 -5 7 -5 6 -5 6 -5 6 -5 5 -5 5 -5 5 -5 5 -5 5 -5 4 -5 4 -5 4 -5 3 -5 3 -5 3 -5 2 -5 3 -5 2 -5 2 -4 2 -4 1 0 0 0 0 0 0 0 0 0 0 ]
CSI_DATA,AP,10:B4:1D:CC:60:E0,-28,11,1,7,1,1,1,1,0,0,1,-94,0,6,2,19611430,0,68,0,0,19.3208,384,[0 0 0 0 0 0 0 0 0 0 0 0 -6 9 -6 9 -6 9 -6 9 -6 8 -5 8 -5 8 -5 8 -5 8 -5 8 -5 8 -4 7 -4 8 -4 8 -4 8 -4 8 -3 7 -3 8 -3 8 -3 8 -3 8 -3 8 -3 8 -3 8 -3 8 -3 7 0 0 -3 7 -3 8 -3 8 -3 8 -3 8 -3 7 -3 7 -4 7 -3 7 -4 6 -4 6 -4 6 -4 5 -4 5 -4 5 -4 5 -4 5 -4 4 -4 4 -4 4 -4 3 -4 3 -4 3 -5 3 -4 2 -4 2 0 0 0 0 0 0 0 0 0 0 ]
CSI_DATA,AP,10:B4:1D:CC:60:E0,-29,11,1,7,1,1,1,1,0,0,1,-94,0,6,2,19701398,0,68,0,0,19.4108,384,[0 0 0 0 0 0 0 0 0 0 0 0 -10 -4 -10 -4 -10 -4 -10 -4 -10 -3 -9 -4 -9 -3 -9 -3 -9 -3 -9 -3 -9 -3 -9 -3 -9 -2 -8 -2 -8 -2 -8 -2 -8 -2 -8 -1 -8 -1 -8 -1 -8 -1 -8 -1 -8 -1 -8 -1 -8 -1 -8 -1 0 0 -8 -1 -8 -1 -8 -1 -8 -1 -8 -1 -8 -2 -7 -2 -7 -2 -7 -2 -7 -2 -7 -2 -6 -3 -6 -3 -6 -3 -6 -3 -6 -3 -5 -3 -5 -3 -5 -3 -5 -3 -4 -3 -4 -3 -4 -3 -4 -3 -3 -3 -3 -3 0 0 0 0 0 0 0 0 0 0 ]
CSI_DATA,AP,10:B4:1D:CC:60:E0,-27,11,1,7,1,1,1,1,0,0,1,-94,0,6,2,19791480,0,68,0,0,19.5009,384,[0 0 0 0 0 0 0 0 0 0 0 0 -9 6 -9 6 -9 6 -9 6 -8 6 -8 6 -8 6 -8 6 -8 6 -7 6 -7 6 -7 6 -7 6 -6 6 -6 6 -6 6 -6 6 -6 6 -6 6 -6 6 -6 6 -5 6 -5 6 -5 6 -5 6 -5 6 0 0 -5 6 -5 6 -5 6 -6 6 -6 6 -6 6 -6 5 -6 5 -6 5 -6 5 -6 5 -6 4 -6 4 -6 4 -6 3 -6 3 -5 3 -5 3 -5 2 -5 2 -5 2 -5 2 -5 2 -5 1 -5 1 -5 1 0 0 0 0 0 0 0 0 0 0 ]
CSI_DATA,AP,10:B4:1D:CC:60:E0,-27,11,1,7,1,1,1,1,0,0,1,-94,0,6,2,19881455,0,68,0,0,19.5908,384,[0 0 0 0 0 0 0 0 0 0 0 0 -9 -7 -9 -7 -8 -7 -8 -7 -8 -6 -8 -6 -8 -6 -8 -6 -8 -6 -8 -5 -8 -5 -8 -5 -8 -5 -8 -5 -8 -5 -8 -4 -8 -4 -8 -4 -8 -4 -8 -4 -8 -4 -8 -4 -8 -4 -8 -3 -8 -3 -8 -3 0 0 -8 -4 -8 -4 -8 -4 -8 -4 -8 -4 -7 -4 -7 -4 -7 -4 -7 -4 -7 -4 -7 -4 -6 -4 -6 -4 -6 -4 -5 -4 -5 -4 -5 -4 -5 -4 -4 -4 -4 -4 -4 -4 -3 -4 -3 -4 -3 -4 -3 -4 -3 -4 0 0 0 0 0 0 0 0 0 0 ]
CSI_DATA,AP,10:B4:1D:CC:60:E0,-29,11,1,7,1,1,1,1,0,0,1,-94,0,6,2,19971475,0,68,0,0,19.6809,384,[0 0 0 0 0 0 0 0 0 0 0 0 5 -10 5 -9 5 -9 5 -9 5 -9 5 -9 4 -8 4 -8 4 -8 4 -8 4 -8 4 -8 3 -8 3 -8 3 -8 3 -8 3 -8 3 -8 3 -8 3 -8 3 -8 3 -8 2 -8 2 -8 2 -8 2 -8 0 0 2 -7 3 -8 3 -7 3 -7 3 -7 3 -7 3 -7 3 -6 3 -6 3 -6 3 -6 3 -6 3 -5 3 -5 3 -5 3 -4 3 -4 3 -4 3 -4 3 -3 3 -3 3 -3 3 -3 3 -3 3 -3 3 -2 0 0 0 0 0 0 0 0 0 0 ]
CSI_DATA,AP,10:B4:1D:CC:60:E0,-28,11,1,7,1,1,1,1,0,0,1,-94,0,6,2,20061295,0,68,0,0,19.7707,384,[0 0 0 0 0 0 0 0 0 0 0 0 8 -7 9 -7 8 -6 8 -6 7 -6 8 -6 7 -6 7 -6 7 -6 6 -6 6 -6 6 -6 6 -6 5 -6 5 -6 5 -6 5 -6 5 -6 5 -6 5 -7 5 -6 5 -7 5 -6 4 -7 4 -7 5 -7 0 0 5 -7 4 -7 4 -7 4 -6 4 -6 5 -6 5 -6 5 -5 5 -5 5 -5 4 -5 5 -5 4 -5 4 -4 4 -4 4 -3 4 -3 4 -3 4 -3 4 -3 4 -3 4 -2 3 -2 3 -2 3 -2 3 -1 0 0 0 0 0 0 0 0 0 0 ]
CSI_DATA,AP,10:B4:1D:CC:60:E0,-29,11,1,7,1,1,1,1,0,0,1,-94,0,6,2,20151540,0,68,0,0,19.8609,384,[0 0 0 0 0 0 0 0 0 0 0 0 -7 9 -7 8 -7 8 -6 8 -6 8 -6 8 -6 7 -6 7 -6 7 -5 7 -5 7 -5 7 -5 7 -5 7 -5 7 -4 7 -4 7 -4 7 -4 7 -4 7 -4 7 -4 7 -4 7 -4 7 -4 7 -3 7 0 0 -4 7 -4 7 -4 7 -4 6 -4 6 -4 6 -4 6 -4 6 -4 6 -4 5 -4 5 -5 5 -5 4 -5 4 -4 4 -4 3 -5 3 -4 3 -4 3 -4 2 -4 2 -4 2 -4 2 -4 2 -4 1 -4 1 0 0 0 0 0 0 0 0 0 0 ]
CSI_DATA,AP,10:B4:1D:CC:60:E0,-28,11,1,7,1,1,1,1,0,0,1,-94,0,6,2,20241392,0,68,0,0,19.9508,384,[0 0 0 0 0 0 0 0 0 0 0 0 -2 11 -2 10 -1 10 -1 10 -1 10 -1 10 -1 10 -1 9 -1 9 -1 9 -1 9 -1 9 0 8 0 8 0 8 0 8 0 8 0 8 1 8 1 8 1 8 1 8 1 8 1 8 1 8 1 8 0 0 0 8 1 8 0 8 1 8 0 7 0 7 0 7 0 7 -1 7 -1 7 -1 7 -1 6 -1 6 -1 6 -1 6 -1 5 -2 5 -2 5 -2 5 -2 4 -2 4 -2 4 -2 4 -3 4 -2 3 -3 3 0 0 0 0 0 0 0 0 0 0 ]
CSI_DATA,AP,10:B4:1D:CC:60:E0,-27,11,1,7,1,1,1,1,0,0,1,-94,0,6,2,20331506,0,68,0,0,20.0409,384,[0 0 0 0 0 0 0 0 0 0 0 0 -5 10 -4 10 -4 10 -4 10 -4 9 -4 9 -4 9 -4 9 -4 9 -3 9 -3 8 -3 8 -3 8 -2 8 -2 8 -2 8 -2 8 -2 8 -2 8 -2 8 -2 8 -2 8 -2 8 -1 8 -1 8 -1 8 0 0 -2 8 -2 8 -2 8 -2 8 -2 8 -2 7 -2 7 -3 7 -3 7 -3 7 -3 6 -3 6 -3 6 -3 6 -3 5 -3 5 -3 5 -3 4 -3 4 -3 4 -3 4 -4 3 -4 3 -4 3 -3 3 -4 2 0 0 0 0 0 0 0 0 0 0 ]
CSI_DATA,AP,10:B4:1D:CC:60:E0,-27,11,1,7,1,1,1,1,0,0,1,-94,0,6,2,20421391,0,68,0,0,20.1308,384,[0 0 0 0 0 0 0 0 0 0 0 0 -2 10 -2 10 -2 10 -2 10 -2 9 -2 10 -2 9 -2 9 -2 9 -1 9 -1 9 -1 8 -1 8 -1 8 0 9 0 8 0 8 0 8 0 8 0 8 0 8 0 8 0 7 1 8 0 8 0 8 0 0 0 8 0 8 0 8 0 7 0 8 -1 7 -1 7 -1 7 -1 7 -1 6 -1 6 -2 6 -2 6 -2 6 -2 5 -2 5 -2 5 -2 5 -2 4 -3 4 -3 4 -3 4 -3 3 -3 3 -3 3 -3 3 0 0 0 0 0 0 0 0 0 0 ]
CSI_DATA,AP,10:B4:1D:CC:60:E0,-27,11,1,7,1,1,1,1,0,0,1,-94,0,6,2,20511461,0,68,0,0,20.2208,384,[0 0 0 0 0 0 0 0 0 0 0 0 -8 -9 -8 -9 -8 -9 -7 -9 -8 -8 -7 -8 -7 -8 -7 -8 -7 -8 -7 -7 -7 -7 -7 -7 -7 -7 -7 -7 -7 -7 -8 -6 -7 -6 -7 -6 -8 -6 -8 -6 -7 -5 -8 -6 -8 -5 -8 -5 -8 -5 -8 -5 0 0 -8 -5 -8 -5 -7 -5 -7 -6 -7 -6 -7 -6 -7 -6 -7 -6 -6 -6 -6 -6 -6 -6 -5 -6 -5 -6 -5 -6 -5 -6 -4 -5 -4 -5 -4 -5 -4 -5 -3 -5 -3 -5 -3 -5 -3 -5 -2 -5 -2 -5 -2 -5 0 0 0 0 0 0 0 0 0 0 ]
CSI_DATA,AP,10:B4:1D:CC:60:E0,-27,11,1,7,1,1,1,1,0,0,1,-94,0,6,2,20601391,0,68,0,0,20.3108,384,[0 0 0 0 0 0 0 0 0 0 0 0 -12 -1 -11 -2 -12 -1 -11 -1 -11 -1 -11 -1 -10 -1 -10 -1 -10 -1 -10 0 -10 0 -10 0 -10 0 -10 0 -9 0 -9 0 -9 0 -9 0 -9 0 -9 1 -9 1 -9 1 -9 1 -9 1 -9 1 -9 1 0 0 -9 1 -9 1 -8 1 -9 1 -9 1 -9 0 -9 0 -9 -1 -9 -1 -8 -1 -8 -1 -8 -1 -7 -1 -7 -1 -7 -2 -7 -1 -6 -2 -6 -2 -6 -2 -6 -2 -5 -2 -5 -2 -5 -2 -5 -3 -5 -3 -4 -3 0 0 0 0 0 0 0 0 0 0 ]
CSI_DATA,AP,10:B4:1D:CC:60:E0,-27,11,1,7,1,1,1,1,0,0,1,-94,0,6,2,20691380,0,68,0,0,20.4008,384,[0 0 0 0 0 0 0 0 0 0 0 0 1 11 1 10 1 10 1 10 1 10 2 10 2 9 1 9 1 9 2 9 2 9 2 8 2 8 2 8 2 8 2 8 2 8 3 7 2 8 3 8 3 7 3 7 3 7 3 7 3 7 3 7 0 0 3 7 3 7 3 7 2 7 2 7 2 7 2 8 1 7 1 7 1 7 1 7 0 7 0 6 0 6 0 6 0 6 -1 6 -1 5 -1 5 -1 5 -1 5 -1 4 -1 4 -2 4 -2 4 -2 4 0 0 0 0 0 0 0 0 0 0 ]
CSI_DATA,AP,10:B4:1D:CC:60:E0,-27,11,1,7,1,1,1,1,0,0,1,-94,0,6,2,20781442,0,68,0,0,20.4908,384,[0 0 0 0 0 0 0 0 0 0 0 0 -4 -11 -4 -11 -4 -11 -4 -11 -4 -10 -4 -11 -4 -10 -4 -10 -4 -10 -4 -9 -4 -9 -5 -9 -5 -9 -5 -9 -5 -9 -5 -8 -5 -8 -5 -8 -5 -8 -5 -8 -5 -8 -5 -8 -5 -8 -5 -8 -5 -8 -6 -7 0 0 -5 -8 -5 -8 -5 -8 -5 -7 -5 -8 -5 -8 -4 -8 -4 -8 -4 -7 -4 -7 -3 -7 -3 -7 -3 -7 -3 -7 -2 -7 -2 -6 -2 -7 -2 -6 -2 -6 -1 -6 -1 -6 -1 -6 -1 -5 -1 -5 -1 -5 0 -5 0 0 0 0 0 0 0 0 0 0 ]
CSI_DATA,AP,10:B4:1D:CC:60:E0,-27,11,1,7,1,1,1,1,0,0,1,-94,0,6,2,20871274,0,68,0,0,20.5807,384,[0 0 0 0 0 0 0 0 0 0 0 0 11 1 10 1 10 1 10 0 10 0 10 0 9 0 9 0 9 0 9 0 9 0 9 -1 8 -1 8 -1 8 -1 8 -1 8 -1 8 -1 8 -1 8 -1 8 -1 8 -2 8 -2 8 -2 8 -2 8 -2 0 0 8 -1 8 -1 7 -1 8 -2 7 -1 7 -1 7 -1 7 0 7 0 7 0 7 0 6 0 6 0 6 0 6 0 5 1 5 1 5 1 5 1 4 1 4 1 4 1 4 1 3 1 3 2 3 2 0 0 0 0 0 0 0 0 0 0 ]
CSI_DATA,AP,10:B4:1D:CC:60:E0,-27,11,1,7,1,1,1,1,0,0,1,-94,0,6,2,20961433,0,68,0,0,20.6708,384,[0 0 0 0 0 0 0 0 0 0 0 0 9 5 9 5 9 5 8 5 8 5 8 5 8 5 8 4 8 4 8 4 8 4 8 3 8 3 8 3 8 3 8 2 7 2 7 2 8 2 8 2 7 2 7 2 8 2 8 2 7 2 7 2 0 0 7 2 7 2 7 2 7 2 7 2 7 2 7 2 6 3 6 2 6 3 6 2 6 3 5 3 5 3 5 3 5 3 4 3 4 3 4 3 4 3 3 3 3 3 3 3 3 3 2 3 2 3 0 0 0 0 0 0 0 0 0 0 ]
CSI_DATA,AP,10:B4:1D:CC:60:E0,-27,11,1,7,1,1,1,1,0,0,1,-94,0,6,2,21051318,0,68,0,0,20.7607,384,[0 0 0 0 0 0 0 0 0 0 0 0 5 9 6 9 5 9 5 9 5 8 5 8 5 8 5 8 5 7 5 7 5 7 5 7 5 7 5 6 5 7 5 6 5 6 6 6 6 6 6 6 6 5 6 6 6 5 6 5 6 5 6 5 0 0 6 5 5 5 6 5 5 5 5 5 5 5 5 6 5 6 4 5 4 5 4 5 3 5 3 5 3 5 3 5 3 5 2 5 2 5 2 4 2 4 2 4 1 4 1 4 0 4 0 4 0 4 0 0 0 0 0 0 0 0 0 0 ]
CSI_DATA,AP,10:B4:1D:CC:60:E0,-27,11,1,7,1,1,1,1,0,0,1,-94,0,6,2,21141570,0,68,0,0,20.851,384,[0 0 0 0 0 0 0 0 0 0 0 0 5 -10 5 -10 5 -10 5 -10 5 -9 4 -9 4 -9 4 -9 4 -9 4 -9 3 -9 3 -9 3 -9 3 -9 3 -9 2 -8 2 -8 2 -9 2 -9 2 -9 2 -8 2 -9 2 -8 2 -9 2 -8 2 -8 0 0 2 -8 2 -8 2 -8 2 -8 2 -8 2 -8 2 -8 3 -8 3 -7 3 -7 2 -7 3 -6 3 -6 3 -6 3 -6 3 -5 3 -5 3 -5 3 -4 3 -4 3 -4 3 -4 3 -4 3 -3 3 -3 3 -3 0 0 0 0 0 0 0 0 0 0 ]
CSI_DATA,AP,10:B4:1D:CC:60:E0,-27,11,1,7,1,1,1,1,0,0,1,-94,0,6,2,21231351,0,68,0,0,20.9407,384,[0 0 0 0 0 0 0 0 0 0 0 0 -5 10 -5 9 -5 9 -5 9 -5 9 -5 9 -5 8 -5 8 -4 8 -4 8 -4 8 -4 8 -3 8 -3 8 -3 8 -3 8 -3 8 -3 8 -3 8 -2 8 -2 7 -2 8 -2 7 -2 8 -2 7 -2 7 0 0 -3 7 -2 8 -2 7 -3 7 -3 7 -3 7 -3 7 -3 7 -3 6 -3 6 -3 6 -3 6 -4 5 -4 5 -4 5 -4 4 -4 4 -4 4 -4 4 -4 3 -4 3 -4 3 -4 3 -4 3 -4 2 -4 2 0 0 0 0 0 0 0 0 0 0 ]
CSI_DATA,AP,10:B4:1D:CC:60:E0,-27,11,1,7,1,1,1,1,0,0,1,-94,0,6,2,21322725,0,68,0,0,21.0321,384,[0 0 0 0 0 0 0 0 0 0 0 0 6 -10 5 -10 5 -10 5 -9 5 -9 5 -9 5 -9 5 -9 4 -9 4 -9 4 -9 4 -9 3 -9 3 -9 3 -9 3 -8 3 -8 2 -8 2 -8 2 -9 2 -8 2 -8 2 -8 2 -9 2 -8 2 -8 0 0 2 -8 2 -8 2 -8 3 -8 3 -8 3 -8 3 -8 3 -7 3 -7 3 -7 3 -7 3 -6 3 -6 3 -6 3 -5 3 -5 3 -5 3 -4 3 -4 3 -4 3 -4 3 -4 3 -3 3 -3 3 -3 3 -3 0 0 0 0 0 0 0 0 0 0 ]
CSI_DATA,AP,10:B4:1D:CC:60:E0,-27,11,1,7,1,1,1,1,0,0,1,-94,0,6,2,21411522,0,68,0,0,21.1209,384,[0 0 0 0 0 0 0 0 0 0 0 0 11 -2 11 -2 10 -2 10 -2 10 -2 10 -2 9 -2 9 -2 9 -2 9 -2 9 -2 9 -2 8 -2 8 -3 8 -3 8 -3 8 -3 8 -3 8 -3 7 -3 7 -4 8 -4 7 -4 7 -4 7 -4 7 -4 0 0 7 -3 7 -3 7 -3 7 -3 7 -3 7 -3 7 -3 7 -2 7 -2 7 -2 6 -2 6 -2 6 -1 6 -1 6 -1 6 -1 5 -1 5 0 5 0 5 0 5 0 4 0 4 0 4 0 4 1 3 1 0 0 0 0 0 0 0 0 0 0 ]
CSI_DATA,AP,10:B4:1D:CC:60:E0,-27,11,1,7,1,1,1,1,0,0,1,-94,0,6,2,21503321,0,68,0,0,21.2127,384,[0 0 0 0 0 0 0 0 0 0 0 0 10 -6 9 -5 9 -5 9 -5 9 -5 8 -5 8 -5 8 -5 8 -5 8 -5 7 -5 7 -5 7 -5 7 -6 7 -5 7 -6 6 -6 6 -6 6 -6 6 -6 6 -6 6 -6 6 -6 6 -6 6 -6 6 -6 0 0 6 -6 6 -6 6 -5 6 -5 6 -5 6 -5 6 -5 6 -4 6 -4 6 -4 6 -4 6 -4 6 -3 5 -3 5 -3 5 -2 5 -2 5 -2 5 -2 5 -2 4 -1 4 -1 4 -1 4 -1 4 -1 4 0 0 0 0 0 0 0 0 0 0 0 ]
CSI_DATA,AP,10:B4:1D:CC:60:E0,-27,11,1,7,1,1,1,1,0,0,1,-94,0,6,2,21591563,0,68,0,0,21.3009,384,[0 0 0 0 0 0 0 0 0 0 0 0 10 1 11 2 10 1 10 1 10 1 10 1 9 1 9 1 9 1 9 0 9 0 9 0 9 0 9 0 9 -1 8 -1 8 -1 8 -1 8 -1 8 -1 8 -1 8 -1 8 -1 8 -2 8 -2 8 -1 0 0 8 -1 8 -1 8 -1 8 -1 8 -1 7 -1 7 -1 7 0 7 0 7 0 7 0 6 0 6 0 6 0 6 1 6 1 5 1 5 1 5 1 4 1 4 1 4 1 4 1 4 1 3 2 3 2 0 0 0 0 0 0 0 0 0 0 ]
CSI_DATA,AP,10:B4:1D:CC:60:E0,-27,11,1,7,1,1,1,1,0,0,1,-94,0,6,2,21681557,0,68,0,0,21.3909,384,[0 0 0 0 0 0 0 0 0 0 0 0 -2 -12 -2 -11 -2 -11 -2 -11 -2 -11 -2 -11 -2 -10 -2 -10 -2 -10 -3 -10 -3 -9 -3 -9 -3 -9 -3 -9 -3 -9 -3 -9 -3 -9 -3 -8 -4 -9 -4 -8 -4 -8 -4 -8 -4 -8 -4 -8 -4 -8 -4 -8 0 0 -4 -8 -4 -8 -4 -8 -4 -8 -4 -8 -3 -8 -3 -8 -3 -8 -3 -8 -2 -7 -2 -7 -2 -8 -2 -7 -2 -7 -1 -7 -1 -7 -1 -6 -1 -6 0 -6 -1 -6 0 -6 0 -6 0 -5 0 -5 0 -5 0 -5 0 0 0 0 0 0 0 0 0 0 ]
CSI_DATA,AP,10:B4:1D:CC:60:E0,-27,11,1,7,1,1,1,1,0,0,1,-94,0,6,2,21771247,0,68,0,0,21.4806,384,[0 0 0 0 0 0 0 0 0 0 0 0 -11 -4 -11 -4 -11 -4 -11 -4 -10 -4 -10 -4 -10 -3 -10 -3 -10 -3 -10 -3 -10 -3 -10 -3 -9 -3 -9 -2 -9 -2 -9 -1 -9 -1 -9 -1 -9 -1 -9 -1 -9 -1 -9 -1 -9 -1 -9 -1 -9 -1 -9 -1 0 0 -9 -1 -9 -1 -9 -1 -9 -1 -9 -1 -8 -1 -8 -2 -8 -2 -8 -2 -8 -2 -8 -2 -7 -2 -7 -2 -7 -2 -7 -2 -6 -3 -6 -3 -6 -3 -5 -3 -5 -3 -5 -3 -5 -3 -5 -3 -4 -3 -4 -3 -4 -3 0 0 0 0 0 0 0 0 0 0 ]
CSI_DATA,AP,10:B4:1D:CC:60:E0,-27,11,1,7,1,1,1,1,0,0,1,-95,0,6,2,21861386,0,68,0,0,21.5708,384,[0 0 0 0 0 0 0 0 0 0 0 0 -7 -10 -6 -10 -6 -10 -6 -9 -6 -9 -6 -9 -6 -9 -6 -9 -6 -8 -6 -8 -6 -8 -6 -8 -6 -8 -6 -7 -6 -7 -7 -7 -7 -7 -7 -6 -7 -6 -7 -6 -7 -6 -7 -6 -7 -6 -7 -6 -7 -6 -7 -6 0 0 -7 -6 -7 -6 -7 -6 -7 -6 -6 -6 -6 -6 -6 -6 -6 -6 -6 -6 -5 -6 -5 -6 -5 -6 -4 -6 -4 -6 -4 -6 -4 -6 -3 -6 -3 -6 -3 -5 -3 -5 -3 -5 -2 -5 -2 -5 -2 -5 -2 -5 -1 -5 0 0 0 0 0 0 0 0 0 0 ]
CSI_DATA,AP,10:B4:1D:CC:60:E0,-26,11,1,7,1,1,1,1,0,0,1,-95,0,6,2,21951417,0,68,0,0,21.6608,384,[0 0 0 0 0 0 0 0 0 0 0 0 0 11 0 10 0 10 0 10 0 10 0 10 0 10 0 9 0 9 1 9 1 9 1 9 1 9 1 8 1 8 1 8 1 8 2 8 2 8 2 8 2 8 2 8 2 8 2 8 2 8 2 8 0 0 2 8 2 8 2 8 2 8 1 8 1 7 1 8 1 8 1 7 0 7 0 7 0 7 0 6 -1 6 -1 6 -1 6 -1 6 -1 5 -1 5 -1 5 -1 5 -2 4 -2 4 -2 4 -2 4 -2 3 0 0 0 0 0 0 0 0 0 0 ]
CSI_DATA,AP,10:B4:1D:CC:60:E0,-26,11,1,7,1,1,1,1,0,0,1,-95,0,6,2,22041346,0,68,0,0,21.7507,384,[0 0 0 0 0 0 0 0 0 0 0 0 -4 10 -4 10 -4 10 -4 10 -4 9 -4 10 -4 9 -4 9 -4 9 -3 9 -3 9 -3 8 -2 9 -2 9 -2 8 -2 8 -2 8 -2 8 -2 8 -2 8 -2 8 -2 8 -1 8 -1 8 -1 8 -1 8 0 0 -2 8 -2 8 -2 8 -2 8 -2 8 -2 8 -2 7 -2 7 -3 7 -3 7 -3 6 -3 6 -3 6 -3 6 -3 5 -3 5 -3 5 -3 4 -4 4 -4 4 -4 4 -4 3 -4 3 -4 3 -4 3 -4 2 0 0 0 0 0 0 0 0 0 0 ]
CSI_DATA,AP,10:B4:1D:CC:60:E0,-26,11,1,7,1,1,1,1,0,0,1,-95,0,6,2,22131529,0,68,0,0,21.8409,384,[0 0 0 0 0 0 0 0 0 0 0 0 -12 1 -11 1 -11 1 -11 1 -11 1 -11 1 -11 1 -10 1 -10 1 -10 1 -10 2 -9 2 -9 2 -9 2 -9 2 -9 2 -9 2 -9 2 -9 3 -9 3 -8 2 -8 3 -9 3 -8 3 -8 3 -8 3 0 0 -8 2 -8 2 -8 2 -8 2 -8 2 -8 2 -8 1 -8 1 -8 1 -8 1 -8 1 -7 1 -8 0 -7 0 -7 0 -7 0 -7 0 -6 -1 -6 -1 -6 -1 -6 -1 -5 -1 -5 -1 -5 -2 -5 -2 -4 -2 0 0 0 0 0 0 0 0 0 0 ]
CSI_DATA,AP,10:B4:1D:CC:60:E0,-26,11,1,7,1,1,1,1,0,0,1,-95,0,6,2,22221485,0,68,0,0,21.9309,384,[0 0 0 0 0 0 0 0 0 0 0 0 -10 -6 -10 -6 -10 -5 -10 -5 -10 -5 -10 -5 -10 -5 -9 -5 -9 -5 -9 -4 -9 -4 -9 -4 -9 -4 -9 -4 -9 -3 -9 -3 -9 -3 -9 -3 -9 -3 -9 -3 -9 -3 -9 -3 -9 -2 -9 -2 -9 -2 -9 -2 0 0 -9 -2 -9 -3 -8 -3 -8 -3 -8 -3 -8 -3 -8 -3 -8 -3 -8 -3 -7 -3 -7 -3 -7 -3 -7 -3 -6 -4 -6 -4 -6 -4 -6 -4 -6 -4 -5 -4 -5 -4 -5 -4 -4 -4 -4 -4 -4 -4 -4 -4 -3 -4 0 0 0 0 0 0 0 0 0 0 ]
CSI_DATA,AP,10:B4:1D:CC:60:E0,-26,11,1,7,1,1,1,1,0,0,1,-95,0,6,2,22311345,0,68,0,0,22.0207,384,[0 0 0 0 0 0 0 0 0 0 0 0 11 -3 10 -3 10 -3 10 -3 10 -3 10 -3 9 -3 9 -3 9 -3 9 -3 9 -3 9 -4 8 -4 8 -4 8 -4 8 -4 7 -4 8 -4 7 -4 7 -4 7 -4 7 -5 7 -5 7 -5 7 -5 7 -4 0 0 7 -4 7 -5 7 -4 7 -4 7 -4 7 -4 7 -3 7 -3 7 -3 7 -3 7 -2 7 -2 6 -2 6 -2 6 -1 6 -1 6 -1 6 -1 5 -1 5 -1 5 0 5 0 4 0 4 0 4 0 4 1 0 0 0 0 0 0 0 0 0 0 ]
CSI_DATA,AP,10:B4:1D:CC:60:E0,-26,11,1,7,1,1,1,1,0,0,1,-95,0,6,2,22401476,0,68,0,0,22.1109,384,[0 0 0 0 0 0 0 0 0 0 0 0 -8 7 -8 7 -8 7 -8 7 -8 7 -8 7 -7 7 -7 7 -7 6 -7 7 -6 7 -6 7 -6 7 -6 7 -6 7 -5 7 -5 7 -5 7 -5 7 -5 7 -5 7 -5 7 -5 7 -5 7 -4 7 -4 7 0 0 -5 7 -4 7 -4 7 -5 6 -5 6 -5 6 -5 6 -5 6 -5 5 -5 5 -5 5 -5 5 -5 5 -5 4 -5 4 -5 4 -5 3 -5 3 -5 3 -5 3 -5 2 -5 2 -4 2 -5 2 -4 2 -4 1 0 0 0 0 0 0 0 0 0 0 ]
CSI_DATA,AP,10:B4:1D:CC:60:E0,-27,11,1,7,1,1,1,1,0,0,1,-95,0,6,2,22491361,0,68,0,0,22.2007,384,[0 0 0 0 0 0 0 0 0 0 0 0 -4 -11 -4 -11 -4 -11 -4 -11 -4 -11 -4 -10 -4 -10 -4 -10 -4 -10 -4 -10 -4 -9 -4 -9 -5 -9 -5 -9 -5 -9 -5 -8 -5 -8 -5 -8 -5 -8 -5 -8 -5 -8 -5 -8 -5 -8 -5 -8 -5 -8 -6 -8 0 0 -5 -8 -5 -8 -5 -8 -5 -8 -5 -8 -4 -8 -4 -8 -4 -8 -4 -7 -3 -7 -3 -7 -3 -7 -3 -7 -2 -7 -2 -7 -2 -7 -2 -6 -2 -6 -1 -6 -1 -6 -1 -6 -1 -6 -1 -5 0 -5 0 -5 0 -5 0 0 0 0 0 0 0 0 0 0 ]
CSI_DATA,AP,10:B4:1D:CC:60:E0,-27,11,1,7,1,1,1,1,0,0,1,-95,0,6,2,22581496,0,68,0,0,22.2909,384,[0 0 0 0 0 0 0 0 0 0 0 0 9 5 9 5 9 5 9 5 9 5 8 5 8 5 8 4 8 4 8 4 8 4 8 4 8 3 8 3 8 3 8 3 7 3 8 2 8 2 8 2 7 2 8 2 8 2 8 2 8 2 8 2 0 0 7 2 7 2 7 2 7 3 7 3 7 3 7 3 6 3 6 3 6 3 6 3 5 3 5 3 5 3 5 3 4 3 4 3 4 3 4 3 3 3 3 3 3 3 2 3 2 3 2 3 2 3 0 0 0 0 0 0 0 0 0 0 ]
CSI_DATA,AP,10:B4:1D:CC:60:E0,-27,11,1,7,1,1,1,1,0,0,1,-95,0,6,2,22671344,0,68,0,0,22.3807,384,[0 0 0 0 0 0 0 0 0 0 0 0 -12 -1 -12 -1 -11 -1 -11 -1 -11 -1 -11 -1 -11 -1 -11 -1 -10 -1 -10 0 -10 0 -10 0 -9 0 -9 0 -9 0 -9 1 -9 0 -9 1 -9 1 -9 1 -9 1 -9 1 -9 1 -9 1 -9 1 -9 1 0 0 -9 1 -9 1 -9 1 -9 1 -9 1 -9 0 -8 0 -8 0 -8 0 -8 0 -8 0 -7 -1 -7 -1 -7 -1 -7 -1 -7 -1 -6 -1 -6 -1 -6 -2 -6 -2 -6 -2 -5 -2 -5 -2 -5 -2 -5 -2 -4 -3 0 0 0 0 0 0 0 0 0 0 ]
CSI_DATA,AP,10:B4:1D:CC:60:E0,-27,11,1,7,1,1,1,1,0,0,1,-95,0,6,2,22761452,0,68,0,0,22.4708,384,[0 0 0 0 0 0 0 0 0 0 0 0 8 -7 8 -7 8 -7 8 -7 8 -7 7 -7 7 -7 7 -7 7 -6 6 -7 6 -7 6 -7 6 -7 6 -7 6 -7 6 -7 5 -7 5 -7 5 -7 5 -7 5 -7 5 -7 5 -7 5 -7 4 -7 5 -7 0 0 5 -7 5 -7 4 -7 5 -7 5 -7 5 -6 5 -6 5 -6 5 -6 5 -5 5 -5 5 -5 5 -5 5 -4 5 -4 5 -4 4 -4 4 -3 4 -3 4 -3 4 -3 4 -2 4 -2 4 -2 4 -2 4 -1 0 0 0 0 0 0 0 0 0 0 ]
CSI_DATA,AP,10:B4:1D:CC:60:E0,-27,11,1,7,1,1,1,1,0,0,1,-95,0,6,2,22851331,0,68,0,0,22.5607,384,[0 0 0 0 0 0 0 0 0 0 0 0 10 -4 10 -4 10 -4 9 -4 9 -4 9 -4 9 -4 9 -4 8 -4 8 -4 8 -4 8 -4 8 -4 8 -4 7 -4 7 -5 7 -4 7 -4 7 -5 7 -5 7 -5 7 -5 7 -5 7 -5 7 -5 7 -5 0 0 7 -5 7 -5 6 -4 7 -4 6 -4 7 -4 7 -4 7 -3 6 -3 6 -3 7 -3 6 -3 6 -2 6 -2 6 -2 5 -2 5 -2 5 -1 5 -1 5 -1 4 -1 5 -1 4 0 4 0 4 0 4 0 0 0 0 0 0 0 0 0 0 0 ]
CSI_DATA,AP,10:B4:1D:CC:60:E0,-27,11,1,7,1,1,1,1,0,0,1,-95,0,6,2,22941394,0,68,0,0,22.6508,384,[0 0 0 0 0 0 0 0 0 0 0 0 2 10 2 11 2 10 2 10 2 9 2 10 2 9 2 9 2 9 2 8 2 8 2 8 3 8 3 8 3 8 3 7 3 8 3 7 3 7 3 7 3 7 3 7 3 7 4 7 4 7 4 7 0 0 3 7 3 7 3 7 3 7 3 7 3 7 2 7 2 7 2 7 2 6 2 6 1 6 1 6 1 6 1 5 0 6 0 5 0 5 0 5 0 5 0 5 -1 4 -1 4 -1 4 -1 4 -1 4 0 0 0 0 0 0 0 0 0 0 ]
CSI_DATA,AP,10:B4:1D:CC:60:E0,-27,11,1,7,1,1,1,1,0,0,1,-95,0,6,2,23031197,0,68,0,0,22.7406,384,[0 0 0 0 0 0 0 0 0 0 0 0 -11 4 -11 4 -11 3 -10 3 -10 3 -10 4 -10 3 -10 3 -10 3 -9 4 -9 4 -9 4 -8 4 -9 4 -8 4 -8 4 -8 4 -8 4 -8 4 -8 4 -8 4 -7 4 -8 5 -7 4 -7 4 -7 5 0 0 -8 5 -7 4 -7 4 -7 4 -8 4 -7 4 -7 3 -7 3 -7 3 -7 3 -7 2 -7 2 -7 2 -7 2 -7 1 -6 1 -6 1 -6 1 -6 1 -6 0 -6 0 -6 0 -5 0 -5 0 -5 -1 -5 -1 0 0 0 0 0 0 0 0 0 0 ]
CSI_DATA,AP,10:B4:1D:CC:60:E0,-27,11,1,7,1,1,1,1,0,0,1,-95,0,6,2,23121886,0,68,0,0,22.8313,384,[0 0 0 0 0 0 0 0 0 0 0 0 -10 6 -10 6 -9 6 -9 6 -9 6 -9 5 -8 5 -8 5 -8 6 -8 6 -7 5 -7 5 -7 6 -7 5 -7 6 -6 6 -6 6 -6 6 -6 6 -6 6 -6 6 -6 6 -6 6 -6 6 -6 6 -6 6 0 0 -6 6 -6 6 -6 6 -6 6 -6 5 -6 5 -6 5 -6 5 -6 4 -6 4 -6 4 -6 4 -6 4 -6 3 -6 3 -6 3 -5 3 -5 2 -5 2 -5 2 -5 2 -5 1 -5 1 -5 1 -5 1 -4 0 0 0 0 0 0 0 0 0 0 0 ]
CSI_DATA,AP,10:B4:1D:CC:60:E0,-27,11,1,7,1,1,1,1,0,0,1,-95,0,6,2,23211337,0,68,0,0,22.9207,384,[0 0 0 0 0 0 0 0 0 0 0 0 -2 11 -2 11 -2 10 -2 10 -2 10 -2 10 -2 9 -2 9 -2 9 -1 9 -1 9 -1 9 -1 9 -1 9 -1 9 0 8 0 8 0 8 0 8 0 8 0 8 0 8 0 8 0 8 1 8 0 8 0 0 0 8 0 8 0 8 0 7 0 8 -1 8 -1 8 -1 7 -1 7 -1 7 -1 6 -2 6 -2 6 -2 6 -2 6 -2 5 -2 5 -2 5 -2 5 -3 4 -3 4 -3 4 -3 4 -3 3 -3 3 -3 3 0 0 0 0 0 0 0 0 0 0 ]
CSI_DATA,AP,10:B4:1D:CC:60:E0,-27,11,1,7,1,1,1,1,0,0,1,-95,0,6,2,23301392,0,68,0,0,23.0108,384,[0 0 0 0 0 0 0 0 0 0 0 0 10 -4 10 -3 10 -4 10 -4 9 -3 9 -4 9 -4 9 -4 9 -4 8 -4 8 -4 8 -4 8 -4 7 -4 7 -4 7 -4 7 -4 7 -4 7 -4 7 -5 7 -5 7 -5 7 -5 6 -5 7 -5 6 -5 0 0 7 -5 7 -5 6 -5 7 -5 6 -4 6 -4 7 -4 7 -4 6 -4 7 -3 6 -3 6 -3 6 -2 6 -2 6 -2 5 -2 5 -2 5 -2 5 -1 5 -1 5 -1 5 -1 4 -1 4 0 4 0 4 0 0 0 0 0 0 0 0 0 0 0 ]
CSI_DATA,AP,10:B4:1D:CC:60:E0,-26,11,1,7,1,1,1,1,0,0,1,-95,0,6,2,23391243,0,68,0,0,23.1006,384,[0 0 0 0 0 0 0 0 0 0 0 0 -11 2 -11 2 -11 3 -11 2 -10 2 -11 2 -10 3 -10 2 -10 2 -10 2 -10 3 -9 3 -9 3 -9 3 -9 3 -9 3 -8 3 -8 3 -8 3 -8 3 -8 3 -8 3 -8 3 -8 3 -8 3 -8 3 0 0 -8 3 -8 3 -8 3 -8 3 -8 3 -8 3 -8 2 -8 2 -8 2 -8 1 -8 1 -7 1 -7 1 -7 1 -7 0 -7 0 -7 0 -6 0 -6 0 -6 0 -6 -1 -5 -1 -5 -1 -5 -1 -5 -2 -5 -2 0 0 0 0 0 0 0 0 0 0 ]
CSI_DATA,AP,10:B4:1D:CC:60:E0,-26,11,1,7,1,1,1,1,0,0,1,-95,0,6,2,23481320,0,68,0,0,23.1907,384,[0 0 0 0 0 0 0 0 0 0 0 0 10 4 9 4 10 4 9 4 9 4 9 4 9 4 9 4 8 3 8 3 8 3 8 2 8 2 8 2 8 2 8 2 8 2 8 2 8 1 8 1 8 1 8 1 8 1 8 1 8 1 8 1 0 0 8 1 8 1 7 1 8 1 7 1 7 2 7 2 7 2 7 2 7 2 6 2 6 2 6 2 5 2 5 2 5 2 5 2 4 2 4 2 4 3 4 3 3 3 3 3 3 3 3 3 2 3 0 0 0 0 0 0 0 0 0 0 ]
CSI_DATA,AP,10:B4:1D:CC:60:E0,-27,11,1,7,1,1,1,1,0,0,1,-95,0,6,2,23572013,0,68,0,0,23.2814,384,[0 0 0 0 0 0 0 0 0 0 0 0 -12 1 -12 1 -11 1 -11 1 -11 1 -11 1 -11 1 -11 1 -10 1 -10 1 -10 2 -10 2 -9 2 -9 2 -9 2 -9 2 -9 2 -9 2 -9 2 -9 2 -8 2 -9 2 -9 3 -8 3 -8 3 -9 3 0 0 -9 2 -9 2 -8 2 -9 2 -8 2 -9 2 -8 1 -8 1 -8 1 -8 1 -8 1 -8 0 -7 0 -7 0 -7 0 -7 0 -7 0 -7 -1 -6 -1 -6 -1 -6 -1 -5 -1 -5 -2 -5 -2 -5 -2 -5 -2 0 0 0 0 0 0 0 0 0 0 ]
CSI_DATA,AP,10:B4:1D:CC:60:E0,-26,11,1,7,1,1,1,1,0,0,1,-95,0,6,2,23661517,0,68,0,0,23.3709,384,[0 0 0 0 0 0 0 0 0 0 0 0 -11 4 -11 4 -11 4 -10 4 -10 4 -10 4 -10 4 -9 4 -9 4 -9 4 -9 4 -9 4 -8 4 -8 4 -8 4 -8 4 -8 4 -8 5 -7 4 -8 4 -7 5 -7 4 -8 5 -7 5 -7 5 -7 5 0 0 -7 4 -8 4 -7 4 -8 4 -7 4 -8 4 -7 4 -7 3 -8 3 -7 3 -7 3 -7 2 -7 2 -7 2 -7 1 -6 1 -6 1 -6 1 -6 0 -6 0 -6 0 -6 0 -5 0 -5 0 -5 -1 -5 -1 0 0 0 0 0 0 0 0 0 0 ]
CSI_DATA,AP,10:B4:1D:CC:60:E0,-26,11,1,7,1,1,1,1,0,0,1,-95,0,6,2,23751437,0,68,0,0,23.4608,384,[0 0 0 0 0 0 0 0 0 0 0 0 -1 -12 -1 -12 -1 -11 -1 -11 -1 -11 -1 -11 -1 -11 -1 -10 -1 -10 -2 -10 -2 -10 -2 -10 -2 -10 -2 -9 -2 -9 -2 -9 -2 -9 -2 -9 -3 -9 -3 -9 -3 -9 -3 -9 -3 -9 -3 -9 -3 -9 -3 -9 0 0 -3 -9 -3 -9 -3 -9 -3 -8 -3 -9 -2 -9 -2 -9 -2 -8 -2 -8 -1 -8 -1 -8 -1 -8 -1 -8 -1 -7 -1 -7 0 -7 0 -7 0 -6 0 -6 0 -6 0 -6 1 -6 1 -5 1 -5 1 -5 1 -5 0 0 0 0 0 0 0 0 0 0 ]
CSI_DATA,AP,10:B4:1D:CC:60:E0,-27,11,1,7,1,1,1,1,0,0,1,-95,0,6,2,23841206,0,68,0,0,23.5506,384,[0 0 0 0 0 0 0 0 0 0 0 0 -8 -9 -8 -8 -8 -9 -8 -8 -8 -8 -8 -8 -8 -7 -8 -7 -8 -7 -8 -7 -8 -7 -7 -7 -8 -7 -8 -6 -7 -6 -8 -6 -7 -6 -8 -5 -8 -5 -8 -5 -8 -5 -8 -5 -8 -5 -8 -5 -8 -5 -8 -5 0 0 -7 -5 -7 -6 -7 -5 -7 -5 -7 -5 -7 -6 -7 -6 -6 -6 -6 -6 -6 -6 -6 -5 -5 -6 -5 -6 -4 -6 -5 -6 -4 -5 -4 -6 -4 -5 -3 -5 -3 -5 -3 -5 -3 -5 -2 -5 -2 -5 -2 -5 -2 -5 0 0 0 0 0 0 0 0 0 0 ]
CSI_DATA,AP,10:B4:1D:CC:60:E0,-26,11,1,7,1,1,1,1,0,0,1,-95,0,6,2,23931430,0,68,0,0,23.6408,384,[0 0 0 0 0 0 0 0 0 0 0 0 6 -10 6 -10 6 -10 6 -9 5 -9 5 -9 5 -9 5 -9 5 -9 4 -9 4 -9 4 -9 4 -9 4 -9 3 -9 3 -9 3 -9 3 -9 2 -9 2 -9 2 -9 2 -9 2 -9 2 -9 2 -9 2 -9 0 0 2 -8 2 -9 2 -9 3 -8 2 -8 3 -8 3 -8 3 -8 3 -7 3 -7 3 -7 3 -7 3 -6 3 -6 3 -6 3 -5 3 -5 3 -5 3 -5 3 -4 3 -4 3 -4 3 -4 3 -3 3 -3 3 -3 0 0 0 0 0 0 0 0 0 0 ]
CSI_DATA,AP,10:B4:1D:CC:60:E0,-27,11,1,7,1,1,1,1,0,0,1,-95,0,6,2,24021394,0,68,0,0,23.7308,384,[0 0 0 0 0 0 0 0 0 0 0 0 10 3 10 3 10 3 10 3 10 3 10 3 9 2 9 2 9 2 9 2 9 2 8 2 9 2 8 1 8 1 9 1 8 1 8 1 8 0 8 1 8 1 8 0 9 0 8 0 8 0 8 0 0 0 8 0 8 0 8 0 8 0 8 1 8 1 7 1 7 1 7 1 7 1 7 2 6 2 6 2 6 2 6 2 5 2 5 2 5 2 4 2 4 2 4 2 4 3 3 2 3 2 3 3 2 3 0 0 0 0 0 0 0 0 0 0 ]
CSI_DATA,AP,10:B4:1D:CC:60:E0,-27,11,1,7,1,1,1,1,0,0,1,-95,0,6,2,24111526,0,68,0,0,23.8209,384,[0 0 0 0 0 0 0 0 0 0 0 0 -2 -12 -2 -11 -2 -11 -2 -11 -2 -11 -3 -11 -2 -10 -2 -10 -2 -10 -3 -10 -3 -9 -3 -9 -3 -9 -3 -9 -3 -9 -3 -9 -3 -9 -4 -8 -3 -9 -4 -9 -4 -8 -4 -8 -4 -8 -4 -8 -4 -8 -4 -8 0 0 -4 -8 -3 -8 -4 -8 -3 -8 -3 -8 -3 -8 -3 -8 -2 -8 -2 -8 -2 -8 -2 -7 -2 -7 -1 -7 -1 -7 -1 -7 -1 -6 -1 -6 0 -6 0 -6 0 -6 0 -6 0 -5 1 -5 1 -5 1 -5 1 -4 0 0 0 0 0 0 0 0 0 0 ]
CSI_DATA,AP,10:B4:1D:CC:60:E0,-27,11,1,7,1,1,1,1,0,0,1,-95,0,6,2,24201449,0,68,0,0,23.9108,384,[0 0 0 0 0 0 0 0 0 0 0 0 6 9 6 8 6 8 6 8 6 8 6 8 6 7 6 7 6 7 6 7 5 6 6 6 6 6 6 6 6 6 6 5 6 5 6 5 6 5 6 5 6 5 6 5 6 5 6 5 6 5 6 5 0 0 6 5 6 5 6 5 6 5 6 5 5 5 5 5 5 5 5 5 4 5 4 5 4 5 3 5 3 5 3 5 3 5 2 5 2 4 2 4 2 4 2 4 1 4 1 4 1 4 1 4 0 3 0 0 0 0 0 0 0 0 0 0 ]
CSI_DATA,AP,10:B4:1D:CC:60:E0,-26,11,1,7,1,1,1,1,0,0,1,-95,0,6,2,24292229,0,68,0,0,24.0016,384,[0 0 0 0 0 0 0 0 0 0 0 0 -11 3 -11 3 -11 3 -10 3 -10 3 -10 3 -10 3 -10 3 -10 3 -9 3 -9 4 -9 3 -9 4 -8 4 -8 4 -8 4 -8 4 -8 4 -8 4 -8 4 -8 4 -8 4 -7 4 -7 5 -7 4 -7 4 0 0 -7 4 -7 4 -7 4 -7 4 -7 4 -7 4 -8 3 -7 3 -7 3 -7 3 -7 3 -7 2 -7 2 -7 2 -7 1 -6 1 -6 1 -6 1 -6 1 -5 0 -6 0 -5 0 -5 0 -5 0 -5 -1 -4 -1 0 0 0 0 0 0 0 0 0 0 ]
CSI_DATA,AP,10:B4:1D:CC:60:E0,-27,11,1,7,1,1,1,1,0,0,1,-95,0,6,2,24381442,0,68,0,0,24.0908,384,[0 0 0 0 0 0 0 0 0 0 0 0 -10 -6 -10 -6 -10 -6 -10 -6 -10 -5 -9 -5 -9 -5 -9 -5 -9 -5 -9 -4 -9 -4 -9 -4 -9 -4 -9 -4 -9 -4 -9 -3 -9 -3 -9 -3 -9 -3 -9 -3 -9 -3 -9 -3 -9 -2 -9 -2 -8 -2 -9 -2 0 0 -9 -2 -8 -3 -8 -3 -8 -3 -8 -3 -8 -3 -8 -3 -8 -3 -7 -3 -7 -3 -7 -3 -7 -3 -6 -4 -6 -4 -6 -4 -6 -4 -5 -4 -5 -4 -5 -4 -5 -4 -4 -4 -4 -4 -4 -4 -4 -4 -3 -4 -3 -4 0 0 0 0 0 0 0 0 0 0 ]
CSI_DATA,AP,10:B4:1D:CC:60:E0,-27,11,1,7,1,1,1,1,0,0,1,-95,0,6,2,24472933,0,68,0,0,24.1823,384,[0 0 0 0 0 0 0 0 0 0 0 0 -6 9 -5 9 -5 10 -5 9 -5 9 -5 8 -5 8 -5 8 -5 8 -5 8 -4 8 -4 8 -4 8 -4 8 -3 8 -4 8 -3 7 -3 8 -3 8 -3 8 -3 8 -3 8 -3 8 -3 8 -3 8 -3 7 0 0 -3 7 -3 8 -3 7 -3 7 -3 7 -4 7 -4 7 -4 7 -4 6 -4 6 -4 6 -4 6 -4 5 -4 5 -4 5 -4 4 -4 4 -4 4 -4 3 -4 3 -4 3 -4 3 -4 3 -4 2 -4 2 -4 1 0 0 0 0 0 0 0 0 0 0 ]
CSI_DATA,AP,10:B4:1D:CC:60:E0,-27,11,1,7,1,1,1,1,0,0,1,-95,0,6,2,24562904,0,68,0,0,24.2723,384,[0 0 0 0 0 0 0 0 0 0 0 0 -8 -9 -8 -9 -8 -9 -8 -8 -8 -8 -8 -8 -7 -8 -7 -8 -7 -7 -7 -7 -7 -7 -7 -7 -8 -7 -8 -6 -8 -6 -8 -6 -7 -6 -7 -6 -8 -6 -8 -6 -7 -6 -8 -5 -8 -5 -8 -5 -8 -5 -8 -5 0 0 -7 -5 -7 -5 -7 -5 -7 -5 -7 -6 -7 -6 -6 -6 -6 -6 -6 -6 -6 -6 -6 -6 -5 -6 -5 -6 -5 -6 -4 -6 -4 -5 -4 -5 -4 -5 -3 -5 -3 -5 -3 -5 -3 -5 -2 -5 -2 -5 -2 -5 -2 -5 0 0 0 0 0 0 0 0 0 0 ]
CSI_DATA,AP,10:B4:1D:CC:60:E0,-27,11,1,7,1,1,1,1,0,0,1,-95,0,6,2,24651328,0,68,0,0,24.3607,384,[0 0 0 0 0 0 0 0 0 0 0 0 -2 -11 -2 -11 -2 -11 -2 -11 -2 -10 -2 -10 -2 -10 -2 -10 -2 -10 -2 -10 -3 -9 -3 -9 -3 -9 -3 -9 -3 -9 -3 -9 -3 -8 -3 -8 -3 -8 -3 -8 -3 -8 -3 -8 -4 -8 -4 -8 -3 -8 -4 -8 0 0 -3 -8 -3 -8 -3 -8 -3 -8 -3 -8 -3 -8 -2 -8 -2 -8 -2 -8 -2 -7 -2 -7 -1 -7 -1 -7 -1 -7 -1 -7 -1 -6 0 -6 0 -6 0 -6 0 -5 0 -5 0 -5 1 -5 1 -5 1 -5 1 -4 0 0 0 0 0 0 0 0 0 0 ]
CSI_DATA,AP,10:B4:1D:CC:60:E0,-27,11,1,7,1,1,1,1,0,0,1,-95,0,6,2,24741380,0,68,0,0,24.4508,384,[0 0 0 0 0 0 0 0 0 0 0 0 2 -12 2 -12 2 -11 2 -11 1 -11 1 -11 2 -11 2 -10 1 -10 1 -10 0 -10 0 -10 0 -10 0 -9 0 -10 0 -9 0 -9 -1 -9 -1 -9 -1 -9 -1 -9 -1 -9 -1 -9 -1 -9 -1 -9 -1 -9 0 0 -1 -9 -1 -9 -1 -9 -1 -9 -1 -9 0 -9 0 -9 0 -9 0 -8 0 -8 0 -8 1 -8 1 -7 1 -7 1 -7 1 -6 1 -6 1 -6 1 -6 2 -5 1 -5 2 -5 2 -5 2 -5 2 -4 2 -4 0 0 0 0 0 0 0 0 0 0 ]
CSI_DATA,AP,10:B4:1D:CC:60:E0,-25,11,1,7,1,1,1,1,0,0,1,-94,0,6,2,24831558,0,68,0,0,24.5409,384,[0 0 0 0 0 0 0 0 0 0 0 0 -3 10 -3 10 -3 10 -3 10 -3 10 -3 10 -3 9 -3 9 -3 9 -2 9 -2 9 -2 9 -2 9 -1 9 -1 9 -1 8 -1 8 -1 8 -1 8 -1 8 -1 8 -1 8 -1 8 0 8 0 8 0 8 0 0 -1 8 0 8 0 8 -1 8 -1 8 -1 8 -1 8 -2 8 -2 7 -2 7 -2 7 -2 7 -2 7 -2 6 -2 6 -3 6 -2 5 -2 5 -3 5 -3 4 -3 4 -3 4 -3 4 -3 4 -3 3 -3 3 0 0 0 0 0 0 0 0 0 0 ]
CSI_DATA,AP,10:B4:1D:CC:60:E0,-27,11,1,7,1,1,1,1,0,0,1,-94,0,6,2,24921473,0,68,0,0,24.6309,384,[0 0 0 0 0 0 0 0 0 0 0 0 8 -7 8 -7 8 -7 8 -6 7 -6 7 -6 7 -6 7 -6 7 -6 7 -6 6 -6 6 -6 6 -6 6 -6 6 -7 5 -6 5 -6 5 -6 5 -7 5 -7 5 -7 5 -7 5 -7 5 -7 4 -7 5 -7 0 0 5 -6 5 -6 5 -6 5 -6 5 -6 5 -6 5 -6 5 -5 5 -5 5 -5 5 -5 5 -4 5 -4 5 -4 4 -4 4 -3 4 -3 4 -3 4 -3 4 -2 4 -2 4 -2 4 -2 4 -2 4 -1 3 -1 0 0 0 0 0 0 0 0 0 0 ]
CSI_DATA,AP,10:B4:1D:CC:60:E0,-26,11,1,7,1,1,1,1,0,0,1,-94,0,6,2,25011373,0,68,0,0,24.7208,384,[0 0 0 0 0 0 0 0 0 0 0 0 -8 -8 -8 -8 -8 -8 -8 -8 -8 -8 -8 -7 -8 -7 -8 -7 -8 -7 -8 -6 -8 -6 -8 -6 -8 -6 -8 -6 -8 -6 -8 -5 -8 -5 -8 -5 -8 -5 -8 -5 -8 -5 -8 -5 -8 -4 -8 -4 -8 -4 -8 -4 0 0 -8 -4 -8 -5 -8 -5 -8 -5 -8 -5 -8 -5 -7 -5 -7 -5 -7 -5 -7 -5 -6 -5 -6 -5 -6 -5 -5 -5 -5 -5 -5 -5 -5 -5 -5 -5 -4 -5 -4 -5 -4 -5 -3 -5 -3 -5 -3 -4 -3 -5 -2 -5 0 0 0 0 0 0 0 0 0 0 ]
CSI_DATA,AP,10:B4:1D:CC:60:E0,-26,11,1,7,1,1,1,1,0,0,1,-94,0,6,2,25101565,0,68,0,0,24.8109,384,[0 0 0 0 0 0 0 0 0 0 0 0 0 10 0 10 1 10 1 10 1 10 0 9 1 9 0 9 1 9 1 9 1 9 1 8 1 8 2 8 2 8 2 8 2 8 2 7 2 8 2 8 2 8 2 8 2 7 3 8 3 8 2 7 0 0 2 8 2 8 2 8 2 7 2 8 2 8 1 8 1 8 1 7 1 7 1 7 0 7 0 7 0 7 0 6 0 6 -1 6 -1 6 -1 5 -1 5 -1 5 -2 5 -2 5 -2 4 -2 4 -2 4 0 0 0 0 0 0 0 0 0 0 ]
CSI_DATA,AP,10:B4:1D:CC:60:E0,-27,11,1,7,1,1,1,1,0,0,1,-94,0,6,2,25192758,0,68,0,0,24.9021,384,[0 0 0 0 0 0 0 0 0 0 0 0 4 10 4 9 4 9 4 9 4 9 4 9 4 8 4 8 4 8 4 8 4 7 4 7 4 7 4 7 4 7 4 7 4 7 4 6 5 7 5 6 5 6 5 6 5 6 5 6 5 6 5 6 0 0 5 6 5 6 5 6 4 6 4 6 4 6 4 6 4 6 3 6 3 6 3 6 3 6 2 6 2 6 2 6 2 6 1 5 1 5 1 5 0 5 0 5 0 5 0 5 0 4 0 4 -1 4 0 0 0 0 0 0 0 0 0 0 ]
CSI_DATA,AP,10:B4:1D:CC:60:E0,-27,11,1,7,1,1,1,1,0,0,1,-94,0,6,2,25281344,0,68,0,0,24.9907,384,[0 0 0 0 0 0 0 0 0 0 0 0 0 -12 0 -12 0 -11 0 -11 0 -11 0 -11 0 -10 0 -10 0 -10 0 -10 -1 -10 -1 -10 -1 -10 -1 -9 -1 -9 -2 -9 -2 -9 -2 -9 -2 -9 -2 -9 -2 -9 -2 -9 -2 -9 -2 -9 -2 -9 -2 -9 0 0 -2 -9 -3 -9 -2 -9 -2 -9 -2 -9 -2 -9 -2 -9 -1 -9 -1 -8 -1 -8 -1 -8 -1 -8 0 -8 0 -8 0 -7 0 -7 0 -7 0 -6 0 -6 1 -6 1 -6 1 -6 1 -6 1 -5 1 -5 2 -5 0 0 0 0 0 0 0 0 0 0 ]
CSI_DATA,AP,10:B4:1D:CC:60:E0,-28,11,1,7,1,1,1,1,0,0,1,-94,0,6,2,25371385,0,68,0,0,25.0808,384,[0 0 0 0 0 0 0 0 0 0 0 0 11 -3 11 -3 10 -3 10 -3 10 -3 10 -3 10 -3 10 -3 9 -3 9 -3 9 -3 9 -3 9 -4 8 -4 8 -4 8 -4 8 -4 8 -4 8 -5 7 -5 7 -5 7 -5 7 -5 7 -5 7 -5 7 -5 0 0 7 -5 7 -5 7 -5 7 -5 7 -4 7 -5 7 -4 7 -4 7 -4 7 -3 7 -3 7 -3 7 -3 6 -2 6 -2 6 -2 6 -2 6 -2 6 -1 5 -1 5 -1 5 -1 5 -1 5 0 4 0 4 0 0 0 0 0 0 0 0 0 0 0 ]
CSI_DATA,AP,10:B4:1D:CC:60:E0,-29,11,1,7,1,1,1,1,0,0,1,-94,0,6,2,25461301,0,68,0,0,25.1707,384,[0 0 0 0 0 0 0 0 0 0 0 0 -12 -1 -12 -1 -12 -1 -11 -1 -11 -1 -11 -1 -11 -1 -11 -1 -11 -1 -10 0 -10 0 -10 0 -10 0 -10 0 -9 0 -10 0 -9 0 -9 1 -9 1 -9 1 -9 1 -9 1 -9 1 -9 2 -9 1 -9 1 0 0 -9 1 -9 1 -9 1 -9 1 -9 1 -9 0 -9 0 -9 0 -8 0 -8 0 -8 0 -8 0 -8 -1 -7 -1 -7 -1 -7 -1 -7 -2 -6 -2 -6 -2 -6 -2 -6 -2 -5 -2 -5 -2 -5 -2 -5 -2 -4 -3 0 0 0 0 0 0 0 0 0 0 ]
CSI_DATA,AP,10:B4:1D:CC:60:E0,-28,11,1,7,1,1,1,1,0,0,1,-94,0,6,2,25551432,0,68,0,0,25.2608,384,[0 0 0 0 0 0 0 0 0 0 0 0 -1 11 -1 10 0 11 -1 10 -1 10 0 10 0 10 0 9 0 9 0 9 0 9 0 9 1 9 1 9 1 8 1 8 1 8 1 8 1 8 1 8 2 8 1 8 2 8 2 8 2 8 2 8 0 0 1 8 2 8 1 8 1 8 1 8 1 8 1 8 0 8 0 7 0 7 0 7 0 7 -1 7 -1 6 -1 6 -1 6 -1 6 -2 5 -2 5 -2 5 -2 5 -2 5 -2 4 -2 4 -2 4 -2 3 0 0 0 0 0 0 0 0 0 0 ]
CSI_DATA,AP,10:B4:1D:CC:60:E0,-28,11,1,7,1,1,1,1,0,0,1,-94,0,6,2,25641359,0,68,0,0,25.3507,384,[0 0 0 0 0 0 0 0 0 0 0 0 -5 -11 -4 -11 -5 -11 -5 -11 -4 -10 -4 -10 -4 -10 -4 -10 -5 -10 -5 -10 -5 -9 -5 -9 -5 -9 -5 -8 -5 -8 -5 -8 -5 -8 -5 -8 -6 -8 -6 -8 -5 -8 -6 -8 -6 -7 -6 -8 -6 -7 -6 -7 0 0 -6 -8 -6 -7 -5 -7 -6 -7 -5 -8 -5 -8 -5 -8 -5 -8 -4 -7 -4 -7 -4 -7 -4 -7 -3 -7 -3 -7 -3 -7 -3 -7 -2 -7 -2 -6 -2 -6 -2 -6 -2 -6 -1 -6 -1 -5 -1 -5 -1 -5 -1 -5 0 0 0 0 0 0 0 0 0 0 ]
CSI_DATA,AP,10:B4:1D:CC:60:E0,-27,11,1,7,1,1,1,1,0,0,1,-94,0,6,2,25731434,0,68,0,0,25.4408,384,[0 0 0 0 0 0 0 0 0 0 0 0 -10 -7 -10 -7 -10 -7 -10 -7 -10 -6 -10 -6 -9 -6 -9 -6 -9 -6 -9 -5 -9 -5 -9 -5 -9 -5 -9 -5 -9 -4 -9 -4 -9 -4 -9 -4 -9 -4 -9 -4 -9 -3 -9 -3 -9 -3 -9 -3 -9 -3 -9 -3 0 0 -9 -3 -9 -3 -9 -3 -9 -3 -9 -4 -9 -4 -8 -4 -8 -4 -8 -4 -8 -4 -7 -4 -7 -4 -7 -4 -7 -5 -6 -4 -6 -5 -6 -4 -6 -4 -5 -4 -5 -5 -5 -4 -4 -5 -4 -4 -4 -4 -3 -4 -3 -4 0 0 0 0 0 0 0 0 0 0 ]
CSI_DATA,AP,10:B4:1D:CC:60:E0,-27,11,1,7,1,1,1,1,0,0,1,-94,0,6,2,25821483,0,68,0,0,25.5309,384,[0 0 0 0 0 0 0 0 0 0 0 0 -8 -9 -8 -9 -8 -8 -8 -8 -8 -8 -8 -8 -8 -8 -8 -7 -8 -7 -8 -7 -8 -7 -8 -6 -8 -6 -8 -6 -8 -6 -8 -6 -8 -6 -8 -6 -8 -5 -8 -5 -8 -5 -8 -5 -8 -5 -8 -5 -8 -5 -8 -5 0 0 -8 -5 -8 -5 -8 -5 -8 -5 -8 -5 -8 -6 -7 -6 -7 -6 -7 -6 -7 -5 -6 -6 -6 -6 -6 -6 -5 -6 -5 -6 -5 -6 -4 -6 -4 -6 -4 -6 -4 -6 -3 -6 -3 -6 -3 -5 -3 -5 -2 -5 -2 -5 0 0 0 0 0 0 0 0 0 0 ]
CSI_DATA,AP,10:B4:1D:CC:60:E0,-26,11,1,7,1,1,1,1,0,0,1,-94,0,6,2,25911571,0,68,0,0,25.621,384,[0 0 0 0 0 0 0 0 0 0 0 0 -10 -7 -10 -7 -10 -7 -9 -6 -9 -6 -9 -6 -9 -6 -9 -6 -9 -5 -9 -5 -9 -5 -9 -5 -9 -5 -9 -5 -9 -4 -9 -4 -9 -4 -9 -4 -9 -3 -9 -3 -9 -3 -9 -3 -9 -3 -9 -3 -9 -3 -9 -3 0 0 -9 -3 -9 -3 -9 -3 -9 -3 -9 -3 -9 -4 -8 -4 -8 -4 -8 -4 -8 -4 -8 -4 -7 -4 -7 -5 -7 -4 -7 -4 -6 -4 -6 -4 -6 -4 -5 -4 -5 -5 -5 -5 -4 -4 -4 -5 -4 -5 -4 -5 -3 -5 0 0 0 0 0 0 0 0 0 0 ]
CSI_DATA,AP,10:B4:1D:CC:60:E0,-26,11,1,7,1,1,1,1,0,0,1,-94,0,6,2,26001291,0,68,0,0,25.7107,384,[0 0 0 0 0 0 0 0 0 0 0 0 11 2 11 2 10 2 10 1 10 1 10 1 10 1 10 1 10 1 9 0 9 0 9 0 9 0 9 0 9 -1 9 -1 9 -1 9 -1 9 -1 9 -1 8 -1 8 -1 8 -2 9 -2 8 -2 9 -2 0 0 9 -2 8 -2 9 -2 8 -1 8 -1 8 -1 8 -1 8 -1 8 0 8 0 8 0 7 0 7 0 7 0 7 1 7 1 6 1 6 1 6 1 5 1 5 1 5 1 5 2 4 2 4 2 4 2 0 0 0 0 0 0 0 0 0 0 ]
CSI_DATA,AP,10:B4:1D:CC:60:E0,-26,11,1,7,1,1,1,1,0,0,1,-94,0,6,2,26091375,0,68,0,0,25.8008,384,[0 0 0 0 0 0 0 0 0 0 0 0 8 -8 8 -8 8 -8 7 -7 7 -7 7 -7 7 -7 7 -7 6 -7 6 -7 6 -7 6 -7 5 -7 5 -7 5 -8 5 -8 5 -8 5 -8 4 -8 4 -8 4 -8 4 -8 4 -8 4 -8 4 -8 4 -8 0 0 4 -8 4 -8 4 -8 5 -8 4 -8 5 -8 5 -7 5 -7 5 -7 5 -6 5 -6 5 -6 5 -6 5 -5 5 -5 5 -5 5 -5 5 -4 5 -4 5 -4 5 -3 4 -3 4 -3 4 -3 4 -2 4 -2 0 0 0 0 0 0 0 0 0 0 ]
CSI_DATA,AP,10:B4:1D:CC:60:E0,-27,11,1,7,1,1,1,1,0,0,1,-94,0,6,2,26181390,0,68,0,0,25.8908,384,[0 0 0 0 0 0 0 0 0 0 0 0 7 8 7 8 7 8 7 8 7 8 6 7 6 7 6 7 6 7 6 7 6 6 6 6 6 6 7 6 6 6 6 5 6 5 7 5 7 5 7 5 7 5 7 5 7 5 7 5 7 5 7 4 0 0 7 5 7 5 7 5 7 5 7 5 6 5 6 5 6 5 5 5 5 5 5 5 5 5 4 5 4 5 4 5 3 5 3 5 3 5 3 5 2 5 2 5 2 5 1 4 1 4 1 4 1 4 0 0 0 0 0 0 0 0 0 0 ]
CSI_DATA,AP,10:B4:1D:CC:60:E0,-26,11,1,7,1,1,1,1,0,0,1,-94,0,6,2,26271316,0,68,0,0,25.9807,384,[0 0 0 0 0 0 0 0 0 0 0 0 3 -12 3 -12 3 -11 2 -11 2 -11 2 -11 2 -10 2 -10 2 -10 2 -10 2 -10 1 -10 1 -10 1 -10 1 -10 1 -10 0 -10 0 -10 0 -10 0 -10 0 -10 0 -10 0 -9 0 -10 0 -10 0 -9 0 0 0 -9 0 -10 0 -10 0 -9 0 -9 0 -9 1 -9 1 -9 1 -9 1 -9 1 -8 1 -8 1 -8 2 -8 2 -7 2 -7 2 -7 2 -6 2 -6 2 -6 2 -6 2 -5 2 -5 3 -5 3 -5 3 -4 0 0 0 0 0 0 0 0 0 0 ]
CSI_DATA,AP,10:B4:1D:CC:60:E0,-27,11,1,7,1,1,1,1,0,0,1,-94,0,6,2,26361356,0,68,0,0,26.0707,384,[0 0 0 0 0 0 0 0 0 0 0 0 8 7 8 7 8 7 8 7 7 7 7 6 7 6 7 6 7 6 7 5 7 5 7 5 7 5 7 5 7 4 7 4 7 4 7 4 7 4 7 4 7 3 7 3 7 3 7 3 8 3 8 3 0 0 7 3 7 3 7 3 7 3 7 3 7 4 7 4 7 4 7 4 6 4 6 4 6 4 5 4 5 4 5 4 4 4 4 4 4 4 4 4 3 4 3 4 3 4 2 4 2 4 2 4 2 4 0 0 0 0 0 0 0 0 0 0 ]
CSI_DATA,AP,10:B4:1D:CC:60:E0,-27,11,1,7,1,1,1,1,0,0,1,-94,0,6,2,26451441,0,68,0,0,26.1608,384,[0 0 0 0 0 0 0 0 0 0 0 0 -3 11 -3 10 -2 10 -2 10 -2 10 -3 10 -2 9 -2 9 -2 9 -2 9 -1 9 -1 9 -1 9 -1 9 -1 9 0 8 -1 8 0 8 0 8 0 8 0 8 0 8 0 8 1 8 0 8 0 8 0 0 0 8 0 8 0 8 0 8 0 8 0 8 -1 8 -1 8 -1 7 -1 7 -1 7 -1 7 -2 7 -2 7 -2 6 -2 6 -2 6 -2 5 -3 5 -3 5 -3 5 -3 4 -3 4 -3 4 -3 4 -3 3 0 0 0 0 0 0 0 0 0 0 ]
CSI_DATA,AP,10:B4:1D:CC:60:E0,-27,11,1,7,1,1,1,1,0,0,1,-94,0,6,2,26541429,0,68,0,0,26.2508,384,[0 0 0 0 0 0 0 0 0 0 0 0 5 -10 5 -10 5 -10 5 -10 5 -10 4 -10 5 -10 4 -10 4 -10 4 -10 3 -9 3 -9 3 -9 3 -10 3 -10 3 -9 2 -9 2 -9 2 -9 2 -9 2 -9 2 -9 2 -9 1 -10 1 -9 1 -9 0 0 2 -9 1 -9 1 -9 2 -9 2 -9 2 -9 2 -9 2 -8 2 -8 2 -8 2 -8 2 -8 3 -8 3 -7 3 -7 3 -6 3 -6 3 -6 3 -5 3 -5 3 -5 3 -5 3 -5 3 -4 3 -4 3 -3 0 0 0 0 0 0 0 0 0 0 ]
CSI_DATA,AP,10:B4:1D:CC:60:E0,-26,11,1,7,1,1,1,1,0,0,1,-94,0,6,2,26631383,0,68,0,0,26.3408,384,[0 0 0 0 0 0 0 0 0 0 0 0 -8 -8 -8 -8 -8 -8 -8 -8 -8 -8 -8 -7 -8 -7 -8 -7 -7 -7 -8 -6 -8 -6 -8 -6 -8 -6 -8 -6 -8 -6 -8 -5 -8 -6 -8 -5 -8 -5 -8 -5 -8 -5 -8 -5 -8 -5 -8 -5 -8 -5 -8 -5 0 0 -8 -5 -8 -5 -8 -5 -8 -5 -8 -5 -7 -6 -7 -6 -7 -6 -7 -5 -6 -5 -6 -5 -6 -5 -6 -6 -6 -6 -5 -5 -5 -5 -4 -5 -4 -5 -4 -5 -4 -5 -4 -5 -3 -5 -3 -5 -3 -5 -2 -5 -2 -5 0 0 0 0 0 0 0 0 0 0 ]
CSI_DATA,AP,10:B4:1D:CC:60:E0,-27,11,1,7,1,1,1,1,0,0,1,-94,0,6,2,26725620,0,68,0,0,26.435,384,[0 0 0 0 0 0 0 0 0 0 0 0 -12 0 -12 0 -11 0 -11 0 -11 0 -11 0 -11 0 -11 0 -10 1 -10 1 -10 1 -10 1 -10 1 -10 1 -10 2 -10 1 -9 2 -9 2 -9 2 -9 2 -9 2 -9 2 -9 2 -9 2 -9 2 -9 2 0 0 -9 2 -9 2 -9 2 -9 2 -9 2 -9 2 -9 2 -9 1 -9 1 -9 1 -8 1 -8 0 -8 0 -8 0 -7 0 -7 -1 -7 -1 -7 -1 -6 -1 -6 -1 -6 -1 -6 -1 -6 -1 -6 -2 -5 -2 -5 -2 0 0 0 0 0 0 0 0 0 0 ]
CSI_DATA,AP,10:B4:1D:CC:60:E0,-27,11,1,7,1,1,1,1,0,0,1,-94,0,6,2,26811278,0,68,0,0,26.5207,384,[0 0 0 0 0 0 0 0 0 0 0 0 -2 11 -2 11 -2 10 -2 11 -1 10 -2 10 -1 10 -1 9 -1 9 -1 9 -1 9 0 9 0 9 0 9 0 9 0 8 0 9 1 8 1 9 1 8 1 8 1 8 1 8 1 8 1 8 1 8 0 0 1 8 1 8 1 8 1 8 1 8 1 8 0 8 0 8 0 8 0 7 0 7 0 7 -1 7 -1 7 -1 6 -1 6 -1 6 -1 6 -2 5 -2 5 -2 5 -2 5 -2 5 -2 5 -2 4 -3 4 0 0 0 0 0 0 0 0 0 0 ]
CSI_DATA,AP,10:B4:1D:CC:60:E0,-27,11,1,7,1,1,1,1,0,0,1,-94,0,6,2,26901379,0,68,0,0,26.6108,384,[0 0 0 0 0 0 0 0 0 0 0 0 -11 -6 -10 -6 -10 -6 -10 -6 -10 -5 -10 -6 -10 -5 -10 -5 -9 -5 -9 -5 -9 -4 -9 -4 -9 -4 -9 -4 -9 -3 -9 -3 -9 -3 -9 -3 -9 -3 -9 -3 -9 -3 -9 -3 -9 -2 -9 -2 -9 -2 -9 -2 0 0 -9 -2 -9 -3 -9 -3 -9 -3 -9 -3 -9 -3 -9 -3 -8 -3 -8 -3 -8 -4 -8 -3 -8 -4 -7 -4 -7 -4 -7 -4 -7 -4 -6 -4 -6 -4 -6 -4 -5 -4 -5 -4 -5 -4 -4 -4 -4 -4 -4 -4 -4 -4 0 0 0 0 0 0 0 0 0 0 ]
CSI_DATA,AP,10:B4:1D:CC:60:E0,-27,11,1,7,1,1,1,1,0,0,1,-94,0,6,2,26991436,0,68,0,0,26.7008,384,[0 0 0 0 0 0 0 0 0 0 0 0 11 -2 10 -2 10 -2 10 -2 10 -2 10 -2 10 -3 9 -2 9 -3 9 -3 9 -3 9 -3 9 -3 8 -3 8 -3 8 -4 8 -4 8 -4 8 -4 8 -4 7 -4 7 -4 7 -4 7 -5 7 -5 7 -5 0 0 7 -4 7 -5 7 -4 8 -5 7 -4 7 -4 7 -4 7 -4 7 -3 7 -3 7 -3 7 -3 7 -2 6 -2 7 -2 6 -2 6 -2 6 -1 6 -1 5 -1 5 -1 5 -1 5 0 5 0 5 0 5 0 0 0 0 0 0 0 0 0 0 0 ]
CSI_DATA,AP,10:B4:1D:CC:60:E0,-27,11,1,7,1,1,1,1,0,0,1,-94,0,6,2,27081570,0,68,0,0,26.7909,384,[0 0 0 0 0 0 0 0 0 0 0 0 7 8 7 8 7 8 7 7 6 7 6 7 6 7 6 6 6 6 7 6 6 6 6 6 7 5 7 5 7 5 6 5 7 5 6 4 7 4 7 4 7 4 7 4 7 4 7 4 7 4 7 4 0 0 7 4 7 4 7 4 7 4 7 4 6 5 6 5 6 5 6 5 5 4 5 5 5 5 5 5 4 5 4 5 4 5 3 4 3 4 3 4 3 4 2 4 2 4 2 4 2 4 2 4 1 4 0 0 0 0 0 0 0 0 0 0 ]
CSI_DATA,AP,10:B4:1D:CC:60:E0,-27,11,1,7,1,1,1,1,0,0,1,-94,0,6,2,27171402,0,68,0,0,26.8808,384,[0 0 0 0 0 0 0 0 0 0 0 0 -12 0 -12 0 -11 0 -11 0 -11 0 -11 0 -11 0 -11 1 -10 0 -10 1 -10 1 -10 1 -10 1 -10 2 -10 2 -9 2 -9 2 -9 2 -9 2 -9 2 -9 2 -9 2 -9 3 -9 3 -9 3 -9 3 0 0 -9 3 -9 3 -9 3 -9 2 -9 2 -9 2 -9 2 -9 2 -9 1 -8 1 -8 1 -8 1 -8 1 -8 0 -8 0 -7 0 -7 0 -7 0 -7 -1 -6 -1 -6 -1 -6 -1 -6 -1 -6 -1 -6 -2 -5 -2 0 0 0 0 0 0 0 0 0 0 ]
CSI_DATA,AP,10:B4:1D:CC:60:E0,-24,11,1,7,0,1,1,1,0,0,1,-94,0,6,2,27261787,0,68,0,0,26.9712,256,[0 0 0 0 0 0 0 0 0 0 0 0 14 10 14 10 13 10 13 10 13 9 13 9 13 9 12 8 12 8 12 8 12 7 12 7 12 7 12 6 12 6 12 6 12 5 12 5 13 5 12 5 12 5 13 5 12 4 13 4 13 4 13 4 0 0 13 4 12 4 12 4 12 5 12 5 12 5 11 5 11 5 11 6 10 6 10 6 10 6 9 6 9 6 8 6 8 6 7 6 7 6 7 6 6 6 6 6 6 6 5 6 4 6 4 6 4 6 0 0 0 0 0 0 0 0 0 0 ]
CSI_DATA,AP,10:B4:1D:CC:60:E0,-27,11,1,7,1,1,1,1,0,0,1,-94,0,6,2,27351415,0,68,0,0,27.0608,384,[0 0 0 0 0 0 0 0 0 0 0 0 11 1 11 1 11 1 10 1 10 1 10 1 10 0 10 0 10 0 9 0 9 0 9 0 9 -1 9 -1 9 -1 9 -1 9 -1 9 -1 8 -2 8 -2 8 -2 8 -2 9 -2 8 -2 8 -2 8 -2 0 0 8 -2 8 -2 8 -2 9 -2 8 -1 8 -1 8 -1 8 -1 8 -1 8 0 8 0 7 0 7 0 6 0 7 0 6 1 6 1 6 1 5 1 6 1 5 1 5 1 5 1 4 2 4 2 4 2 0 0 0 0 0 0 0 0 0 0 ]
CSI_DATA,AP,10:B4:1D:CC:60:E0,-27,11,1,7,1,1,1,1,0,0,1,-94,0,6,2,27442435,0,68,0,0,27.1518,384,[0 0 0 0 0 0 0 0 0 0 0 0 10 3 10 4 10 3 10 3 9 3 9 3 9 3 9 3 9 2 9 2 9 2 8 2 9 1 9 1 9 1 8 1 8 1 8 0 8 0 8 0 8 0 8 0 9 0 8 0 8 -1 8 0 0 0 9 0 8 0 8 0 8 0 8 0 8 0 8 0 8 1 8 1 7 1 7 1 7 1 7 1 7 1 6 2 6 2 6 2 6 2 5 2 5 2 5 2 4 2 4 2 4 2 4 2 3 3 0 0 0 0 0 0 0 0 0 0 ]
CSI_DATA,AP,10:B4:1D:CC:60:E0,-27,11,1,7,1,1,1,1,0,0,1,-94,0,6,2,27532470,0,68,0,0,27.2418,384,[0 0 0 0 0 0 0 0 0 0 0 0 -3 -11 -4 -11 -4 -11 -4 -10 -4 -10 -4 -10 -4 -10 -4 -10 -4 -9 -4 -9 -4 -9 -4 -9 -4 -9 -5 -9 -5 -8 -5 -8 -5 -8 -5 -8 -5 -8 -5 -8 -5 -8 -5 -8 -5 -8 -6 -8 -6 -8 -5 -8 0 0 -5 -8 -5 -8 -5 -8 -5 -8 -5 -8 -5 -8 -5 -8 -4 -8 -4 -8 -4 -8 -3 -8 -3 -8 -3 -7 -3 -8 -3 -7 -2 -7 -2 -7 -2 -6 -2 -6 -2 -6 -1 -6 -1 -6 -1 -6 0 -6 0 -5 0 -5 0 0 0 0 0 0 0 0 0 0 ]
CSI_DATA,AP,10:B4:1D:CC:60:E0,-27,11,1,7,1,1,1,1,0,0,1,-94,0,6,2,27623044,0,68,0,0,27.3324,384,[0 0 0 0 0 0 0 0 0 0 0 0 -10 5 -10 5 -9 5 -9 5 -9 5 -9 5 -9 5 -8 5 -8 5 -8 5 -8 5 -8 5 -7 5 -7 5 -7 6 -7 5 -7 6 -6 5 -7 6 -6 6 -6 6 -6 6 -6 6 -6 6 -6 6 -6 6 0 0 -7 6 -6 6 -6 6 -6 6 -6 6 -7 5 -7 5 -7 5 -7 5 -7 4 -7 4 -6 4 -6 4 -7 3 -6 3 -6 3 -6 2 -6 2 -6 2 -6 2 -6 1 -6 1 -5 1 -5 1 -5 0 -5 0 0 0 0 0 0 0 0 0 0 0 ]
CSI_DATA,AP,10:B4:1D:CC:60:E0,-27,11,1,7,1,1,1,1,0,0,1,-94,0,6,2,27711258,0,68,0,0,27.4206,384,[0 0 0 0 0 0 0 0 0 0 0 0 -1 -12 -1 -11 -1 -12 -1 -11 -1 -11 -1 -11 -1 -11 -2 -10 -2 -10 -2 -10 -2 -10 -2 -10 -2 -10 -3 -9 -3 -9 -3 -9 -3 -9 -3 -9 -3 -9 -4 -9 -4 -9 -4 -9 -4 -9 -4 -9 -4 -9 -4 -8 0 0 -4 -9 -4 -9 -4 -9 -4 -9 -4 -9 -3 -9 -3 -9 -3 -9 -3 -9 -2 -8 -2 -8 -2 -8 -2 -8 -1 -8 -2 -8 -1 -7 -1 -7 -1 -7 -1 -7 0 -6 0 -6 0 -6 0 -6 0 -6 1 -6 1 -5 0 0 0 0 0 0 0 0 0 0 ]
CSI_DATA,AP,10:B4:1D:CC:60:E0,-27,11,1,7,1,1,1,1,0,0,1,-94,0,6,2,27801399,0,68,0,0,27.5108,384,[0 0 0 0 0 0 0 0 0 0 0 0 11 -1 11 -1 11 -1 10 -1 10 -1 10 -2 10 -2 9 -2 9 -2 9 -2 9 -2 9 -2 9 -2 9 -3 8 -3 8 -3 8 -3 8 -3 8 -4 8 -4 8 -4 8 -4 8 -4 8 -4 8 -4 8 -4 0 0 8 -4 8 -4 8 -4 8 -4 8 -3 8 -3 8 -3 8 -3 8 -2 8 -2 7 -2 7 -2 7 -1 7 -1 7 -1 6 -1 6 -1 6 -1 6 0 5 0 5 0 5 0 5 0 5 1 5 1 4 1 0 0 0 0 0 0 0 0 0 0 ]
CSI_DATA,AP,10:B4:1D:CC:60:E0,-27,11,1,7,1,1,1,1,0,0,1,-94,0,6,2,27891361,0,68,0,0,27.6007,384,[0 0 0 0 0 0 0 0 0 0 0 0 10 -6 9 -6 9 -6 9 -6 8 -6 8 -6 8 -6 8 -6 8 -6 7 -6 7 -6 7 -6 7 -6 6 -6 6 -6 6 -7 6 -7 6 -7 6 -7 6 -7 5 -7 6 -7 6 -7 6 -7 5 -7 6 -7 0 0 6 -7 5 -7 5 -7 6 -7 6 -7 6 -7 6 -6 6 -6 6 -6 6 -6 6 -5 6 -5 6 -5 5 -5 6 -4 5 -4 5 -4 5 -3 5 -3 5 -3 5 -2 5 -3 5 -2 5 -2 4 -2 4 -1 0 0 0 0 0 0 0 0 0 0 ]
CSI_DATA,AP,10:B4:1D:CC:60:E0,-27,11,1,7,1,1,1,1,0,0,1,-94,0,6,2,27981390,0,68,0,0,27.6908,384,[0 0 0 0 0 0 0 0 0 0 0 0 1 -12 1 -11 1 -12 1 -11 1 -11 1 -11 1 -11 1 -10 0 -10 0 -10 0 -10 0 -10 0 -10 -1 -10 -1 -10 -1 -10 -1 -9 -1 -10 -1 -9 -2 -10 -1 -10 -2 -10 -2 -9 -2 -9 -2 -9 -2 -9 0 0 -2 -9 -2 -10 -1 -9 -1 -9 -1 -9 -1 -9 -1 -9 0 -9 0 -9 0 -9 0 -8 0 -8 0 -8 1 -8 1 -7 1 -7 1 -7 1 -7 1 -6 1 -6 2 -6 2 -6 2 -6 2 -5 2 -5 2 -5 0 0 0 0 0 0 0 0 0 0 ]
CSI_DATA,AP,10:B4:1D:CC:60:E0,-27,11,1,7,1,1,1,1,0,0,1,-94,0,6,2,28071340,0,68,0,0,27.7807,384,[0 0 0 0 0 0 0 0 0 0 0 0 8 -8 8 -8 8 -8 7 -8 7 -8 7 -8 7 -8 7 -8 6 -8 6 -8 6 -8 6 -8 5 -8 5 -8 5 -8 5 -8 5 -8 4 -8 4 -8 4 -8 4 -8 4 -8 4 -8 4 -8 4 -8 4 -8 0 0 4 -8 4 -8 4 -8 4 -8 4 -8 4 -8 4 -8 4 -7 5 -7 5 -7 5 -7 4 -7 4 -6 4 -6 4 -5 4 -5 4 -5 4 -4 4 -4 4 -4 4 -4 4 -4 4 -3 4 -3 4 -3 4 -2 0 0 0 0 0 0 0 0 0 0 ]
CSI_DATA,AP,10:B4:1D:CC:60:E0,-27,11,1,7,1,1,1,1,0,0,1,-94,0,6,2,28162291,0,68,0,0,27.8717,384,[0 0 0 0 0 0 0 0 0 0 0 0 -6 10 -6 9 -6 9 -6 9 -6 9 -6 9 -5 9 -5 9 -5 8 -5 8 -5 8 -4 8 -4 8 -4 8 -3 8 -3 8 -3 8 -3 8 -3 8 -3 8 -3 8 -3 8 -3 8 -3 8 -3 8 -3 8 0 0 -3 8 -3 8 -3 8 -3 8 -3 8 -4 8 -4 7 -4 7 -4 7 -4 7 -4 6 -4 6 -4 6 -4 6 -4 5 -4 5 -4 5 -4 4 -4 4 -4 4 -4 3 -4 3 -4 3 -4 3 -4 2 -4 2 0 0 0 0 0 0 0 0 0 0 ]
CSI_DATA,AP,10:B4:1D:CC:60:E0,-27,11,1,7,1,1,1,1,0,0,1,-94,0,6,2,28251207,0,68,0,0,27.9606,384,[0 0 0 0 0 0 0 0 0 0 0 0 1 10 1 10 1 10 1 10 1 10 2 10 1 10 1 9 1 9 2 9 2 8 2 8 2 8 2 8 3 8 3 8 3 8 3 8 3 8 3 8 3 7 3 8 3 7 4 7 4 7 3 7 0 0 3 8 3 8 3 8 3 7 3 8 2 8 2 8 2 7 2 7 2 7 2 7 1 7 1 7 0 7 0 6 0 6 0 6 0 6 0 5 0 5 -1 5 -1 5 -1 5 -1 5 -1 4 -2 4 0 0 0 0 0 0 0 0 0 0 ]
CSI_DATA,AP,10:B4:1D:CC:60:E0,-27,11,1,7,1,1,1,1,0,0,1,-94,0,6,2,28341327,0,68,0,0,28.0507,384,[0 0 0 0 0 0 0 0 0 0 0 0 -11 -4 -11 -4 -11 -4 -11 -4 -11 -4 -11 -4 -10 -4 -10 -3 -10 -3 -10 -3 -10 -3 -10 -2 -10 -2 -10 -2 -10 -2 -10 -2 -10 -2 -10 -1 -10 -1 -9 -1 -9 -1 -10 -1 -9 -1 -10 -1 -9 -1 -9 -1 0 0 -10 -1 -9 -1 -10 -1 -9 -1 -10 -1 -9 -1 -9 -2 -9 -2 -9 -2 -9 -2 -8 -2 -8 -2 -8 -2 -8 -3 -7 -3 -7 -3 -7 -3 -7 -3 -6 -3 -6 -3 -6 -3 -6 -3 -5 -3 -5 -3 -5 -4 -4 -4 0 0 0 0 0 0 0 0 0 0 ]
CSI_DATA,AP,10:B4:1D:CC:60:E0,-27,11,1,7,1,1,1,1,0,0,1,-94,0,6,2,28431259,0,68,0,0,28.1406,384,[0 0 0 0 0 0 0 0 0 0 0 0 -11 -5 -11 -4 -11 -4 -10 -4 -11 -4 -10 -4 -10 -4 -10 -4 -10 -4 -10 -3 -10 -3 -9 -3 -10 -3 -10 -2 -10 -2 -10 -2 -9 -2 -9 -2 -9 -2 -9 -2 -9 -2 -9 -2 -9 -1 -9 -1 -9 -1 -9 -1 0 0 -9 -1 -9 -2 -9 -2 -9 -2 -9 -2 -9 -2 -9 -2 -9 -2 -9 -2 -8 -3 -8 -3 -8 -3 -7 -3 -7 -3 -7 -3 -7 -3 -6 -4 -6 -4 -6 -3 -6 -4 -5 -4 -5 -4 -5 -4 -4 -4 -4 -4 -4 -4 0 0 0 0 0 0 0 0 0 0 ]
CSI_DATA,AP,10:B4:1D:CC:60:E0,-27,11,1,7,1,1,1,1,0,0,1,-94,0,6,2,28521392,0,68,0,0,28.2308,384,[0 0 0 0 0 0 0 0 0 0 0 0 -3 -12 -3 -11 -3 -11 -4 -11 -3 -11 -3 -11 -4 -10 -3 -10 -4 -10 -4 -10 -4 -9 -4 -9 -4 -9 -4 -9 -4 -9 -5 -9 -5 -8 -5 -8 -5 -8 -5 -8 -5 -8 -6 -8 -5 -8 -6 -8 -5 -8 -5 -8 0 0 -5 -8 -6 -8 -5 -8 -5 -8 -5 -8 -5 -8 -4 -8 -4 -8 -4 -8 -4 -8 -3 -8 -3 -8 -3 -8 -3 -7 -3 -7 -2 -7 -2 -7 -2 -7 -2 -6 -1 -6 -1 -6 -1 -6 -1 -6 0 -6 0 -6 0 -5 0 0 0 0 0 0 0 0 0 0 ]
CSI_DATA,AP,10:B4:1D:CC:60:E0,-27,11,1,7,1,1,1,1,0,0,1,-94,0,6,2,28611448,0,68,0,0,28.3208,384,[0 0 0 0 0 0 0 0 0 0 0 0 5 9 5 9 5 9 5 9 5 8 5 8 5 8 5 8 5 7 5 7 5 7 5 7 5 7 5 6 5 6 5 6 5 6 6 6 6 6 6 6 6 5 6 6 6 5 6 5 6 5 6 5 0 0 6 5 6 5 6 6 6 6 5 6 5 6 5 6 5 6 4 6 4 6 4 5 4 6 3 6 3 6 3 5 3 5 2 5 2 5 2 5 2 5 1 5 1 5 1 4 1 4 0 4 0 4 0 0 0 0 0 0 0 0 0 0 ]
CSI_DATA,AP,10:B4:1D:CC:60:E0,-27,11,1,7,1,1,1,1,0,0,1,-94,0,6,2,28701415,0,68,0,0,28.4108,384,[0 0 0 0 0 0 0 0 0 0 0 0 11 -2 10 -2 11 -2 10 -2 10 -2 10 -2 10 -2 9 -2 9 -2 9 -3 9 -3 9 -3 8 -3 8 -3 8 -3 8 -3 8 -3 8 -4 8 -4 8 -4 8 -4 7 -4 8 -4 8 -4 7 -4 7 -4 0 0 8 -4 8 -4 8 -4 8 -4 8 -4 8 -3 8 -3 7 -3 7 -3 7 -3 7 -2 7 -2 7 -2 7 -2 6 -1 6 -1 6 -1 6 -1 6 -1 5 0 5 0 5 0 5 0 5 0 4 1 4 1 0 0 0 0 0 0 0 0 0 0 ]
CSI_DATA,AP,10:B4:1D:CC:60:E0,-27,11,1,7,1,1,1,1,0,0,1,-94,0,6,2,28791405,0,68,0,0,28.5008,384,[0 0 0 0 0 0 0 0 0 0 0 0 5 -10 5 -10 5 -10 4 -10 4 -10 5 -9 4 -9 4 -9 4 -9 4 -9 3 -9 3 -9 3 -9 3 -9 3 -9 3 -9 2 -9 2 -9 2 -9 2 -9 2 -9 2 -9 2 -9 2 -9 1 -9 2 -9 0 0 2 -9 2 -9 2 -8 2 -8 2 -9 2 -8 3 -8 3 -8 3 -8 3 -8 3 -7 3 -7 3 -7 3 -6 3 -6 3 -6 3 -6 3 -5 3 -5 3 -5 3 -4 3 -4 3 -4 3 -4 3 -3 3 -3 0 0 0 0 0 0 0 0 0 0 ]
CSI_DATA,AP,10:B4:1D:CC:60:E0,-28,11,1,7,1,1,1,1,0,0,1,-94,0,6,2,28881468,0,68,0,0,28.5908,384,[0 0 0 0 0 0 0 0 0 0 0 0 -12 1 -12 1 -11 1 -11 1 -11 1 -11 1 -11 1 -10 1 -10 1 -10 1 -10 1 -9 2 -9 2 -9 2 -9 2 -9 2 -9 2 -9 2 -9 3 -9 3 -8 3 -9 3 -8 3 -8 3 -8 3 -8 3 0 0 -8 2 -8 3 -8 2 -9 3 -8 2 -8 2 -8 2 -8 2 -8 1 -8 1 -8 1 -8 1 -7 0 -7 0 -7 0 -7 0 -6 0 -6 0 -6 -1 -6 -1 -6 -1 -5 -1 -5 -1 -5 -1 -5 -2 -4 -2 0 0 0 0 0 0 0 0 0 0 ]
CSI_DATA,AP,10:B4:1D:CC:60:E0,-27,11,1,7,1,1,1,1,0,0,1,-94,0,6,2,28971209,0,68,0,0,28.6806,384,[0 0 0 0 0 0 0 0 0 0 0 0 -4 10 -4 10 -4 10 -4 10 -4 9 -4 10 -4 9 -3 9 -3 9 -3 9 -3 9 -2 9 -2 9 -2 9 -2 9 -2 8 -2 8 -2 8 -1 9 -1 8 -1 8 -1 8 -1 8 -1 8 -1 8 -1 8 0 0 -1 8 -1 8 -1 8 -1 8 -1 8 -2 8 -2 8 -2 7 -2 7 -2 7 -2 7 -2 7 -2 7 -3 6 -3 6 -3 6 -3 5 -3 5 -3 5 -3 4 -3 4 -4 4 -4 4 -3 4 -3 3 -4 3 0 0 0 0 0 0 0 0 0 0 ]
CSI_DATA,AP,10:B4:1D:CC:60:E0,-27,11,1,7,1,1,1,1,0,0,1,-94,0,6,2,29061348,0,68,0,0,28.7707,384,[0 0 0 0 0 0 0 0 0 0 0 0 -10 6 -10 6 -10 6 -9 5 -9 5 -9 6 -9 5 -9 5 -9 5 -8 5 -8 6 -8 5 -8 6 -7 6 -7 6 -7 6 -7 6 -7 6 -7 6 -7 6 -6 6 -6 6 -7 6 -6 6 -6 6 -6 6 0 0 -7 6 -7 6 -6 6 -7 6 -7 6 -7 6 -7 5 -7 5 -7 4 -7 4 -7 4 -7 4 -7 4 -7 3 -6 3 -6 3 -6 2 -6 2 -6 2 -6 2 -6 1 -6 1 -6 1 -5 0 -5 0 -5 0 0 0 0 0 0 0 0 0 0 0 ]
CSI_DATA,AP,10:B4:1D:CC:60:E0,-28,11,1,7,1,1,1,1,0,0,1,-94,0,6,2,29151418,0,68,0,0,28.8608,384,[0 0 0 0 0 0 0 0 0 0 0 0 1 -12 2 -12 1 -11 1 -11 1 -11 1 -11 1 -11 1 -10 0 -10 0 -10 0 -10 0 -10 -1 -10 -1 -10 -1 -10 -1 -9 -1 -9 -1 -9 -1 -9 -2 -9 -2 -9 -2 -9 -2 -9 -2 -9 -2 -9 -2 -9 0 0 -2 -9 -2 -9 -2 -9 -2 -9 -1 -9 -1 -9 -1 -9 -1 -9 -1 -8 0 -8 -1 -8 0 -8 0 -8 0 -8 0 -7 1 -7 1 -7 1 -6 1 -6 1 -6 1 -6 1 -6 1 -6 2 -5 2 -5 2 -4 0 0 0 0 0 0 0 0 0 0 ]
CSI_DATA,AP,10:B4:1D:CC:60:E0,-27,11,1,7,1,1,1,1,0,0,1,-94,0,6,2,29241385,0,68,0,0,28.9508,384,[0 0 0 0 0 0 0 0 0 0 0 0 -11 -5 -11 -5 -11 -5 -10 -5 -10 -5 -10 -4 -10 -4 -10 -4 -10 -4 -10 -4 -10 -4 -10 -3 -9 -3 -10 -3 -9 -3 -9 -3 -9 -3 -9 -2 -9 -2 -9 -2 -9 -2 -9 -2 -9 -2 -9 -2 -9 -2 -9 -2 0 0 -9 -2 -9 -2 -9 -2 -9 -2 -9 -2 -8 -3 -8 -3 -8 -3 -8 -3 -8 -3 -8 -3 -7 -3 -7 -3 -6 -4 -6 -4 -6 -4 -6 -4 -6 -4 -5 -4 -5 -4 -5 -4 -4 -4 -4 -4 -4 -4 -4 -4 -3 -4 0 0 0 0 0 0 0 0 0 0 ]
CSI_DATA,AP,10:B4:1D:CC:60:E0,-27,11,1,7,1,1,1,1,0,0,1,-94,0,6,2,29331611,0,68,0,0,29.041,384,[0 0 0 0 0 0 0 0 0 0 0 0 -8 8 -8 8 -8 8 -8 7 -7 7 -7 8 -7 7 -7 7 -7 7 -6 7 -6 7 -6 7 -6 7 -6 7 -5 7 -5 7 -5 7 -5 7 -5 8 -4 8 -4 8 -4 7 -4 7 -4 8 -4 8 -4 8 0 0 -4 7 -4 8 -4 8 -4 7 -4 7 -4 7 -5 7 -5 7 -5 6 -5 6 -5 6 -5 6 -5 5 -5 5 -5 5 -5 4 -5 4 -5 4 -5 4 -5 4 -5 3 -5 3 -5 3 -5 2 -5 2 -5 2 0 0 0 0 0 0 0 0 0 0 ]
CSI_DATA,AP,10:B4:1D:CC:60:E0,-29,11,1,7,1,1,1,1,0,0,1,-94,0,6,2,29421367,0,68,0,0,29.1307,384,[0 0 0 0 0 0 0 0 0 0 0 0 11 2 11 2 10 2 10 2 10 2 10 1 10 1 9 1 9 1 9 1 9 0 9 0 9 0 9 0 9 0 8 0 8 0 8 -1 9 -1 8 0 8 -1 8 -1 8 -1 8 -1 8 -1 8 -1 0 0 8 -1 8 -1 8 -1 8 -1 8 -1 8 0 8 0 7 1 8 1 7 1 7 0 7 1 7 1 6 1 6 1 6 1 5 1 5 1 5 2 5 2 4 2 4 2 4 2 4 2 4 2 3 2 0 0 0 0 0 0 0 0 0 0 ]
CSI_DATA,AP,10:B4:1D:CC:60:E0,-27,11,1,7,1,1,1,1,0,0,1,-94,0,6,2,29511384,0,68,0,0,29.2208,384,[0 0 0 0 0 0 0 0 0 0 0 0 10 -4 10 -4 10 -4 9 -4 9 -4 9 -4 9 -4 9 -4 8 -4 8 -4 8 -5 8 -5 7 -5 7 -5 7 -5 7 -5 7 -5 7 -5 6 -6 7 -6 6 -6 6 -6 7 -6 6 -6 6 -6 6 -6 0 0 7 -6 6 -6 6 -6 6 -6 6 -5 6 -5 6 -5 6 -5 7 -4 6 -4 6 -4 6 -4 6 -4 6 -3 6 -3 6 -3 5 -3 5 -2 5 -2 5 -2 5 -2 5 -1 4 -1 4 -1 4 -1 4 0 0 0 0 0 0 0 0 0 0 0 ]
CSI_DATA,AP,10:B4:1D:CC:60:E0,-28,11,1,7,1,1,1,1,0,0,1,-94,0,6,2,29601411,0,68,0,0,29.3108,384,[0 0 0 0 0 0 0 0 0 0 0 0 6 -10 6 -10 6 -10 5 -9 5 -9 5 -9 5 -9 5 -9 5 -9 5 -9 4 -9 4 -9 4 -9 3 -9 4 -9 4 -9 3 -8 3 -9 3 -9 3 -9 3 -8 3 -9 3 -9 3 -9 3 -9 3 -8 0 0 3 -9 3 -9 3 -8 3 -8 3 -8 4 -8 4 -8 4 -7 4 -7 4 -7 4 -7 4 -7 4 -6 4 -6 4 -6 4 -5 4 -5 4 -5 4 -4 4 -4 4 -4 4 -4 4 -3 4 -3 4 -3 3 -2 0 0 0 0 0 0 0 0 0 0 ]
CSI_DATA,AP,10:B4:1D:CC:60:E0,-29,11,1,7,1,1,1,1,0,0,1,-94,0,6,2,29694699,0,68,0,0,29.4041,384,[0 0 0 0 0 0 0 0 0 0 0 0 0 -12 0 -11 -1 -11 -1 -11 -1 -11 -1 -11 -1 -11 -1 -10 -1 -10 -1 -10 -1 -10 -1 -10 -2 -10 -2 -9 -2 -9 -2 -9 -2 -9 -2 -9 -3 -9 -3 -9 -3 -9 -3 -9 -3 -9 -3 -9 -3 -9 -3 -9 0 0 -3 -9 -3 -9 -3 -9 -3 -8 -3 -9 -2 -9 -2 -8 -2 -8 -1 -8 -1 -8 -1 -7 -1 -8 -1 -7 -1 -7 -1 -7 0 -6 0 -6 0 -6 0 -6 0 -6 0 -5 0 -5 1 -5 1 -5 1 -5 1 -4 0 0 0 0 0 0 0 0 0 0 ]
CSI_DATA,AP,10:B4:1D:CC:60:E0,-28,11,1,7,1,1,1,1,0,0,1,-94,0,6,2,29781252,0,68,0,0,29.4906,384,[0 0 0 0 0 0 0 0 0 0 0 0 -9 -8 -9 -8 -9 -8 -9 -8 -8 -8 -9 -7 -8 -7 -8 -7 -8 -7 -8 -6 -8 -6 -8 -6 -8 -6 -8 -6 -8 -6 -8 -5 -8 -5 -8 -5 -8 -5 -8 -5 -8 -5 -8 -5 -8 -5 -8 -5 -8 -5 -8 -4 0 0 -8 -5 -8 -5 -8 -5 -8 -5 -8 -5 -7 -5 -7 -6 -7 -6 -7 -5 -6 -5 -6 -6 -6 -6 -5 -6 -5 -6 -5 -6 -5 -5 -4 -6 -4 -5 -4 -5 -3 -5 -3 -5 -3 -5 -2 -5 -2 -5 -2 -5 -2 -5 0 0 0 0 0 0 0 0 0 0 ]
CSI_DATA,AP,10:B4:1D:CC:60:E0,-27,11,1,7,1,1,1,1,0,0,1,-94,0,6,2,29871429,0,68,0,0,29.5808,384,[0 0 0 0 0 0 0 0 0 0 0 0 11 0 11 0 11 0 10 0 10 0 10 0 10 0 10 -1 9 -1 10 -1 9 -1 9 -1 9 -2 9 -2 9 -2 9 -2 9 -2 8 -3 8 -2 8 -3 8 -3 8 -3 8 -3 8 -3 8 -3 8 -3 0 0 8 -3 8 -3 8 -3 8 -3 8 -2 8 -2 8 -2 8 -2 8 -1 8 -1 7 -1 7 -1 7 -1 6 -1 7 0 6 0 6 0 5 0 5 0 5 0 5 1 5 1 4 1 4 1 4 1 4 1 0 0 0 0 0 0 0 0 0 0 ]
CSI_DATA,AP,10:B4:1D:CC:60:E0,-27,11,1,7,1,1,1,1,0,0,1,-94,0,6,2,29961365,0,68,0,0,29.6707,384,[0 0 0 0 0 0 0 0 0 0 0 0 2 11 2 10 2 11 2 10 2 10 2 10 2 9 2 9 2 9 2 9 3 9 3 8 3 8 3 8 3 8 3 8 3 7 3 8 4 8 4 8 4 7 4 7 4 7 4 7 4 7 4 7 0 0 4 7 4 8 4 7 4 7 3 7 3 7 3 7 3 7 2 7 2 7 2 7 1 7 1 7 1 6 1 6 1 6 0 6 0 5 0 5 0 5 0 5 -1 5 -1 4 -1 4 -1 4 -1 4 0 0 0 0 0 0 0 0 0 0 ]
CSI_DATA,AP,10:B4:1D:CC:60:E0,-27,11,1,7,1,1,1,1,0,0,1,-94,0,6,2,30051307,0,68,0,0,29.7607,384,[0 0 0 0 0 0 0 0 0 0 0 0 -11 4 -11 4 -10 4 -10 4 -10 4 -10 4 -10 4 -9 4 -9 4 -9 4 -9 4 -9 4 -8 4 -8 5 -8 5 -8 5 -8 5 -7 5 -7 5 -7 5 -7 5 -7 5 -7 5 -7 5 -7 5 -7 5 0 0 -7 5 -7 5 -7 5 -7 5 -7 5 -7 5 -7 4 -7 4 -7 4 -7 4 -7 3 -7 3 -7 3 -6 3 -7 2 -7 2 -6 2 -6 1 -6 1 -6 1 -6 1 -6 1 -6 0 -5 0 -5 0 -5 -1 0 0 0 0 0 0 0 0 0 0 ]
CSI_DATA,AP,10:B4:1D:CC:60:E0,-27,11,1,7,1,1,1,1,0,0,1,-94,0,6,2,30141542,0,68,0,0,29.8509,384,[0 0 0 0 0 0 0 0 0 0 0 0 -8 -9 -8 -9 -8 -9 -8 -8 -8 -8 -8 -8 -8 -8 -7 -8 -7 -8 -7 -7 -8 -7 -8 -7 -8 -7 -8 -6 -8 -7 -8 -6 -8 -6 -8 -6 -8 -6 -8 -6 -8 -6 -8 -6 -8 -5 -8 -5 -8 -5 -8 -5 0 0 -8 -6 -8 -5 -8 -6 -7 -5 -8 -6 -7 -6 -7 -6 -7 -6 -7 -6 -6 -6 -6 -6 -6 -6 -6 -6 -5 -6 -5 -6 -5 -6 -4 -6 -4 -6 -4 -5 -3 -5 -3 -5 -3 -5 -3 -5 -2 -5 -2 -5 -2 -5 0 0 0 0 0 0 0 0 0 0 ]
CSI_DATA,AP,10:B4:1D:CC:60:E0,-27,11,1,7,1,1,1,1,0,0,1,-94,0,6,2,30231463,0,68,0,0,29.9408,384,[0 0 0 0 0 0 0 0 0 0 0 0 11 -4 10 -4 10 -4 10 -4 10 -4 9 -4 9 -4 9 -4 9 -4 9 -4 8 -4 8 -4 8 -4 8 -4 8 -5 8 -5 7 -5 7 -5 7 -5 7 -5 7 -5 7 -5 7 -5 7 -5 7 -5 7 -5 0 0 7 -5 7 -5 6 -5 7 -5 7 -5 7 -5 7 -4 7 -4 7 -4 7 -4 6 -3 6 -3 6 -3 6 -3 6 -2 6 -2 5 -2 5 -2 5 -1 5 -1 5 -1 5 -1 4 -1 4 -1 4 0 4 0 0 0 0 0 0 0 0 0 0 0 ]
CSI_DATA,AP,10:B4:1D:CC:60:E0,-27,11,1,7,1,1,1,1,0,0,1,-94,0,6,2,30321363,0,68,0,0,30.0307,384,[0 0 0 0 0 0 0 0 0 0 0 0 -10 5 -10 5 -10 5 -10 5 -10 5 -10 5 -9 5 -9 5 -9 5 -8 5 -8 5 -8 5 -8 5 -8 5 -8 6 -7 5 -7 5 -7 5 -7 6 -7 6 -7 6 -7 6 -7 6 -6 6 -6 6 -6 6 0 0 -7 6 -6 5 -7 6 -7 5 -7 5 -7 5 -7 5 -7 5 -7 4 -6 4 -6 4 -6 4 -6 4 -6 3 -6 3 -6 2 -6 2 -6 2 -6 2 -5 1 -5 1 -5 1 -5 1 -5 1 -5 0 -5 0 0 0 0 0 0 0 0 0 0 0 ]
CSI_DATA,AP,10:B4:1D:CC:60:E0,-27,11,1,7,1,1,1,1,0,0,1,-94,0,6,2,30413239,0,68,0,0,30.1226,384,[0 0 0 0 0 0 0 0 0 0 0 0 -10 -6 -10 -6 -10 -6 -10 -6 -9 -6 -10 -6 -10 -5 -9 -5 -9 -5 -9 -5 -9 -4 -9 -4 -9 -4 -9 -4 -9 -4 -9 -3 -9 -3 -9 -3 -9 -3 -9 -3 -9 -3 -9 -3 -9 -3 -9 -3 -9 -2 -9 -2 0 0 -9 -3 -9 -3 -9 -3 -9 -3 -9 -3 -8 -3 -8 -4 -8 -4 -8 -4 -7 -4 -8 -4 -7 -4 -7 -4 -7 -4 -6 -4 -6 -4 -6 -4 -6 -4 -5 -4 -5 -4 -5 -4 -4 -4 -4 -4 -4 -4 -4 -4 -3 -4 0 0 0 0 0 0 0 0 0 0 ]
CSI_DATA,AP,10:B4:1D:CC:60:E0,-28,11,1,7,1,1,1,1,0,0,1,-94,0,6,2,30502185,0,68,0,0,30.2116,384,[0 0 0 0 0 0 0 0 0 0 0 0 -12 -3 -12 -3 -12 -2 -11 -2 -11 -2 -11 -2 -11 -2 -11 -2 -10 -2 -10 -2 -10 -2 -10 -1 -10 -1 -10 -1 -10 -1 -10 0 -9 -1 -9 0 -9 0 -9 0 -9 0 -9 0 -9 0 -9 0 -9 0 -9 0 0 0 -9 0 -9 0 -9 0 -9 0 -9 -1 -9 -1 -9 -1 -9 -1 -9 -1 -8 -2 -8 -2 -8 -2 -7 -2 -7 -2 -7 -2 -7 -2 -6 -2 -6 -3 -6 -2 -5 -3 -5 -3 -5 -3 -5 -3 -5 -3 -4 -3 -4 -3 0 0 0 0 0 0 0 0 0 0 ]
CSI_DATA,AP,10:B4:1D:CC:60:E0,-28,11,1,7,1,1,1,1,0,0,1,-94,0,6,2,30592283,0,68,0,0,30.3017,384,[0 0 0 0 0 0 0 0 0 0 0 0 8 7 8 7 8 7 7 6 7 6 7 6 7 6 7 6 7 5 7 6 7 5 7 5 7 5 7 5 7 4 7 4 7 4 7 4 7 4 7 4 7 4 7 4 7 3 7 3 7 3 7 3 0 0 7 3 7 3 7 4 7 4 7 4 7 4 6 4 6 4 6 4 6 4 5 4 5 4 5 4 4 4 4 4 4 4 4 4 3 4 3 4 3 4 3 4 2 4 2 4 2 3 2 3 1 3 0 0 0 0 0 0 0 0 0 0 ]
CSI_DATA,AP,10:B4:1D:CC:60:E0,-28,11,1,7,1,1,1,1,0,0,1,-94,0,6,2,30681349,0,68,0,0,30.3907,384,[0 0 0 0 0 0 0 0 0 0 0 0 -10 -6 -10 -6 -10 -6 -10 -6 -10 -6 -10 -5 -9 -5 -10 -5 -9 -5 -9 -5 -10 -4 -9 -4 -9 -4 -9 -4 -9 -4 -9 -4 -9 -3 -9 -3 -9 -3 -9 -3 -9 -3 -9 -3 -9 -3 -9 -3 -9 -3 -9 -3 0 0 -9 -3 -9 -3 -9 -3 -9 -3 -9 -4 -8 -4 -8 -4 -8 -4 -8 -4 -8 -4 -7 -4 -7 -4 -6 -4 -6 -4 -6 -4 -6 -5 -5 -4 -5 -4 -5 -4 -5 -4 -4 -4 -4 -4 -4 -4 -3 -4 -3 -4 -3 -4 0 0 0 0 0 0 0 0 0 0 ]
CSI_DATA,AP,10:B4:1D:CC:60:E0,-28,11,1,7,1,1,1,1,0,0,1,-94,0,6,2,30771330,0,68,0,0,30.4807,384,[0 0 0 0 0 0 0 0 0 0 0 0 -5 -11 -5 -10 -6 -11 -5 -10 -5 -10 -5 -10 -5 -10 -5 -9 -5 -9 -5 -9 -5 -9 -5 -9 -5 -8 -6 -8 -6 -8 -6 -8 -6 -8 -6 -7 -6 -7 -6 -7 -6 -7 -6 -7 -6 -7 -6 -7 -6 -7 -6 -7 0 0 -6 -7 -6 -7 -6 -7 -6 -7 -6 -7 -5 -8 -5 -7 -5 -7 -5 -7 -4 -7 -4 -7 -4 -7 -3 -7 -3 -7 -3 -6 -3 -6 -2 -6 -2 -6 -2 -6 -2 -6 -1 -6 -1 -5 -1 -5 -1 -5 -1 -5 0 -5 0 0 0 0 0 0 0 0 0 0 ]
CSI_DATA,AP,10:B4:1D:CC:60:E0,-28,11,1,7,1,1,1,1,0,0,1,-94,0,6,2,30861320,0,68,0,0,30.5707,384,[0 0 0 0 0 0 0 0 0 0 0 0 -2 -12 -2 -12 -2 -12 -2 -11 -2 -11 -2 -11 -2 -11 -2 -11 -2 -10 -3 -10 -3 -10 -3 -10 -3 -10 -3 -9 -3 -9 -3 -9 -4 -9 -4 -9 -4 -9 -4 -9 -4 -9 -4 -9 -4 -9 -4 -9 -4 -9 -4 -8 0 0 -4 -8 -4 -9 -4 -9 -4 -9 -4 -9 -3 -9 -3 -9 -3 -8 -2 -8 -2 -8 -2 -8 -2 -8 -2 -8 -1 -8 -1 -7 -1 -7 -1 -7 -1 -6 0 -6 0 -6 0 -6 0 -6 0 -5 1 -5 1 -5 1 -5 0 0 0 0 0 0 0 0 0 0 ]
CSI_DATA,AP,10:B4:1D:CC:60:E0,-28,11,1,7,1,1,1,1,0,0,1,-94,0,6,2,30951380,0,68,0,0,30.6608,384,[0 0 0 0 0 0 0 0 0 0 0 0 -12 2 -11 2 -11 2 -11 2 -11 2 -10 2 -10 2 -10 2 -10 3 -10 3 -9 3 -9 3 -9 3 -9 3 -9 3 -9 4 -8 4 -9 4 -8 4 -8 4 -8 4 -8 4 -8 4 -8 4 -8 4 -8 4 0 0 -8 4 -8 4 -8 4 -8 4 -8 4 -8 3 -8 3 -8 3 -8 3 -8 2 -7 2 -7 2 -7 2 -7 2 -7 1 -7 1 -7 1 -6 1 -6 0 -6 0 -6 0 -6 0 -5 0 -5 -1 -5 -1 -5 -1 0 0 0 0 0 0 0 0 0 0 ]
CSI_DATA,AP,10:B4:1D:CC:60:E0,-28,11,1,7,1,1,1,1,0,0,1,-94,0,6,2,31041387,0,68,0,0,30.7508,384,[0 0 0 0 0 0 0 0 0 0 0 0 2 10 3 10 3 10 3 10 3 10 3 9 3 9 3 9 3 9 3 8 3 8 3 8 3 8 3 8 4 8 4 7 4 7 4 7 4 7 4 7 4 7 4 7 4 7 4 7 4 7 4 7 0 0 4 7 4 7 4 7 4 7 3 7 3 7 3 7 3 7 2 7 2 6 2 6 2 6 2 6 1 6 1 6 1 6 1 6 0 5 0 5 0 5 0 5 0 5 -1 4 -1 4 -1 4 -1 4 0 0 0 0 0 0 0 0 0 0 ]
CSI_DATA,AP,10:B4:1D:CC:60:E0,-28,11,1,7,1,1,1,1,0,0,1,-94,0,6,2,31131972,0,68,0,0,30.8414,384,[0 0 0 0 0 0 0 0 0 0 0 0 -8 -9 -8 -9 -8 -9 -8 -8 -8 -8 -8 -8 -8 -8 -7 -8 -8 -7 -8 -7 -8 -7 -8 -7 -8 -7 -8 -6 -8 -6 -8 -6 -8 -6 -8 -6 -8 -6 -8 -5 -8 -5 -8 -5 -8 -5 -8 -5 -8 -5 -8 -5 0 0 -8 -5 -8 -5 -7 -5 -8 -5 -7 -6 -7 -6 -7 -6 -6 -6 -6 -6 -6 -6 -6 -5 -5 -6 -5 -6 -5 -6 -5 -5 -4 -5 -4 -5 -4 -5 -3 -5 -3 -5 -3 -5 -3 -5 -2 -5 -2 -5 -2 -5 -2 -4 0 0 0 0 0 0 0 0 0 0 ]
CSI_DATA,AP,10:B4:1D:CC:60:E0,-28,11,1,7,1,1,1,1,0,0,1,-94,0,6,2,31221220,0,68,0,0,30.9306,384,[0 0 0 0 0 0 0 0 0 0 0 0 10 -4 11 -4 10 -3 10 -3 10 -4 10 -4 9 -4 9 -4 9 -4 9 -4 9 -4 8 -4 8 -4 8 -4 8 -5 8 -5 8 -5 7 -5 8 -5 7 -5 7 -5 7 -5 7 -5 7 -5 7 -5 7 -5 0 0 7 -5 7 -5 7 -5 7 -5 7 -4 7 -4 7 -4 7 -4 7 -3 7 -3 7 -3 6 -3 6 -2 6 -2 6 -2 6 -1 5 -1 5 -1 5 -1 5 -1 5 -1 5 0 4 0 4 0 4 0 4 1 0 0 0 0 0 0 0 0 0 0 ]
CSI_DATA,AP,10:B4:1D:CC:60:E0,-28,11,1,7,1,1,1,1,0,0,1,-94,0,6,2,31311401,0,68,0,0,31.0208,384,[0 0 0 0 0 0 0 0 0 0 0 0 9 -7 9 -7 9 -7 8 -7 8 -7 8 -7 8 -6 8 -6 8 -6 7 -7 7 -7 6 -7 6 -7 6 -7 6 -7 6 -7 6 -7 5 -7 5 -7 5 -7 5 -7 5 -7 5 -7 5 -8 5 -7 5 -7 0 0 5 -7 5 -7 5 -7 5 -7 5 -7 5 -7 5 -6 5 -6 5 -6 5 -5 5 -5 5 -5 5 -5 5 -5 5 -4 5 -4 4 -4 5 -3 4 -3 4 -3 4 -2 4 -2 4 -2 4 -2 4 -2 4 -1 0 0 0 0 0 0 0 0 0 0 ]
CSI_DATA,AP,10:B4:1D:CC:60:E0,-28,11,1,7,1,1,1,1,0,0,1,-94,0,6,2,31401291,0,68,0,0,31.1107,384,[0 0 0 0 0 0 0 0 0 0 0 0 8 7 8 7 8 7 8 7 7 7 7 6 7 6 7 6 7 6 7 6 7 5 7 5 7 5 7 4 7 4 7 4 7 4 7 4 8 4 7 4 7 4 7 4 7 3 8 3 7 3 7 3 0 0 7 3 7 3 7 3 7 3 7 4 7 4 6 4 6 4 6 4 6 4 6 4 5 4 5 4 5 4 4 4 4 4 4 4 4 4 3 4 3 4 3 4 2 3 2 3 2 3 2 3 1 3 0 0 0 0 0 0 0 0 0 0 ]
CSI_DATA,AP,10:B4:1D:CC:60:E0,-28,11,1,7,1,1,1,1,0,0,1,-94,0,6,2,31491312,0,68,0,0,31.2007,384,[0 0 0 0 0 0 0 0 0 0 0 0 6 -10 6 -10 5 -10 5 -10 5 -9 5 -10 5 -9 5 -9 4 -9 4 -9 4 -9 3 -9 3 -9 3 -9 3 -9 3 -9 3 -9 3 -9 3 -9 2 -9 2 -9 2 -9 2 -9 2 -9 2 -9 2 -9 0 0 2 -9 2 -9 2 -9 2 -9 2 -9 3 -8 3 -8 3 -8 3 -7 3 -7 3 -7 3 -7 3 -6 3 -6 3 -6 3 -6 3 -5 3 -5 3 -5 3 -4 3 -4 3 -4 3 -4 3 -3 3 -3 3 -3 0 0 0 0 0 0 0 0 0 0 ]
CSI_DATA,AP,10:B4:1D:CC:60:E0,-28,11,1,7,1,1,1,1,0,0,1,-94,0,6,2,31581557,0,68,0,0,31.2909,384,[0 0 0 0 0 0 0 0 0 0 0 0 -8 -9 -8 -9 -7 -9 -8 -9 -7 -8 -8 -8 -7 -8 -7 -8 -7 -8 -7 -7 -7 -7 -8 -7 -8 -7 -7 -7 -8 -7 -7 -6 -8 -6 -7 -6 -8 -6 -8 -6 -7 -6 -8 -6 -7 -5 -8 -5 -8 -5 -8 -5 0 0 -8 -5 -7 -6 -7 -6 -7 -5 -7 -6 -7 -6 -6 -6 -6 -6 -6 -6 -6 -6 -6 -6 -5 -6 -5 -6 -5 -6 -4 -6 -4 -6 -4 -5 -3 -5 -3 -5 -3 -5 -3 -5 -2 -5 -2 -5 -2 -5 -2 -5 -2 -4 0 0 0 0 0 0 0 0 0 0 ]
CSI_DATA,AP,10:B4:1D:CC:60:E0,-28,11,1,7,1,1,1,1,0,0,1,-94,0,6,2,31671386,0,68,0,0,31.3808,384,[0 0 0 0 0 0 0 0 0 0 0 0 10 -5 10 -5 9 -5 10 -5 9 -5 9 -5 9 -5 9 -4 8 -5 8 -5 8 -5 8 -5 7 -5 7 -5 7 -5 7 -5 7 -5 7 -5 6 -6 7 -6 6 -6 7 -5 6 -6 6 -6 6 -6 6 -6 0 0 6 -5 6 -5 6 -6 6 -5 6 -5 7 -5 7 -5 6 -4 6 -4 6 -4 6 -4 6 -4 6 -3 6 -3 6 -3 6 -2 5 -2 5 -2 5 -2 5 -1 4 -1 4 -1 4 -1 4 -1 4 -1 4 0 0 0 0 0 0 0 0 0 0 0 ]
CSI_DATA,AP,10:B4:1D:CC:60:E0,-28,11,1,7,1,1,1,1,0,0,1,-94,0,6,2,31761470,0,68,0,0,31.4709,384,[0 0 0 0 0 0 0 0 0 0 0 0 -2 11 -2 11 -1 11 -2 10 -1 10 -1 10 -1 10 -1 10 -1 9 0 9 0 9 0 9 0 9 0 9 0 9 0 9 0 8 0 8 1 8 1 8 0 8 1 8 1 8 1 8 1 8 1 8 0 0 1 8 1 8 0 8 0 8 0 8 0 8 0 8 -1 7 -1 7 -1 7 -1 7 -1 7 -2 7 -2 6 -2 6 -2 5 -2 5 -2 5 -2 5 -2 4 -2 4 -3 4 -3 4 -3 4 -3 3 -3 3 0 0 0 0 0 0 0 0 0 0 ]
CSI_DATA,AP,10:B4:1D:CC:60:E0,-28,11,1,7,1,1,1,1,0,0,1,-94,0,6,2,31853778,0,68,0,0,31.5632,384,[0 0 0 0 0 0 0 0 0 0 0 0 6 9 5 9 6 9 6 8 5 9 5 8 5 8 5 8 5 7 5 7 5 7 5 7 6 7 6 6 6 6 6 6 6 6 6 6 6 6 6 6 6 6 6 6 6 5 6 5 6 5 6 5 0 0 6 5 6 6 6 5 6 5 6 6 5 6 5 6 5 6 5 5 4 6 4 5 4 5 4 5 3 5 3 5 3 5 2 5 2 5 2 4 2 4 1 4 1 4 1 4 1 4 1 4 0 4 0 0 0 0 0 0 0 0 0 0 ]
CSI_DATA,AP,10:B4:1D:CC:60:E0,-28,11,1,7,1,1,1,1,0,0,1,-94,0,6,2,31941367,0,68,0,0,31.6507,384,[0 0 0 0 0 0 0 0 0 0 0 0 -12 -2 -12 -2 -12 -2 -11 -2 -11 -2 -11 -2 -11 -1 -11 -2 -10 -1 -10 -1 -10 -1 -10 -1 -10 0 -10 0 -10 0 -9 0 -10 0 -10 0 -10 1 -9 1 -9 1 -9 1 -9 1 -9 1 -9 1 -9 1 0 0 -9 1 -9 1 -9 1 -9 1 -9 0 -9 0 -9 0 -8 0 -8 0 -8 -1 -8 0 -8 0 -7 -1 -7 -1 -7 -1 -7 -2 -7 -1 -6 -2 -6 -2 -6 -2 -6 -2 -5 -2 -5 -2 -5 -2 -5 -2 -5 -3 0 0 0 0 0 0 0 0 0 0 ]
CSI_DATA,AP,10:B4:1D:CC:60:E0,-28,11,1,7,1,1,1,1,0,0,1,-94,0,6,2,32031400,0,68,0,0,31.7408,384,[0 0 0 0 0 0 0 0 0 0 0 0 8 -8 8 -8 8 -8 7 -8 7 -8 7 -8 7 -7 7 -8 7 -7 6 -8 6 -8 6 -8 6 -8 5 -8 5 -8 5 -8 5 -8 5 -8 5 -8 5 -8 5 -8 4 -8 4 -8 4 -8 4 -8 4 -8 0 0 4 -8 4 -8 4 -8 5 -7 5 -7 5 -7 5 -7 5 -7 5 -6 5 -6 5 -6 5 -6 5 -5 5 -5 5 -4 5 -4 4 -4 4 -4 4 -3 4 -3 4 -3 4 -3 4 -3 4 -2 4 -2 4 -2 0 0 0 0 0 0 0 0 0 0 ]
CSI_DATA,AP,10:B4:1D:CC:60:E0,-28,11,1,7,1,1,1,1,0,0,1,-94,0,6,2,32121623,0,68,0,0,31.831,384,[0 0 0 0 0 0 0 0 0 0 0 0 -12 -2 -11 -2 -12 -2 -11 -2 -11 -2 -11 -2 -11 -2 -11 -2 -10 -1 -10 -1 -10 -1 -10 -1 -10 -1 -10 -1 -10 0 -9 0 -9 0 -10 0 -10 0 -9 0 -9 0 -9 0 -9 0 -9 1 -9 0 -9 0 0 0 -9 0 -9 0 -9 0 -9 0 -9 0 -9 0 -9 -1 -8 -1 -8 -1 -8 -1 -8 -1 -8 -2 -7 -2 -7 -2 -7 -2 -6 -2 -6 -2 -6 -2 -6 -2 -6 -3 -5 -3 -5 -3 -5 -3 -4 -3 -4 -3 -4 -3 0 0 0 0 0 0 0 0 0 0 ]
CSI_DATA,AP,10:B4:1D:CC:60:E0,-28,11,1,7,1,1,1,1,0,0,1,-94,0,6,2,32211443,0,68,0,0,31.9208,384,[0 0 0 0 0 0 0 0 0 0 0 0 0 -12 0 -12 0 -12 -1 -12 -1 -11 -1 -11 -1 -11 -1 -11 -1 -10 -1 -10 -1 -10 -2 -10 -2 -10 -2 -10 -2 -10 -2 -9 -2 -9 -2 -9 -3 -9 -3 -9 -3 -9 -3 -9 -3 -9 -3 -9 -3 -9 -3 -9 0 0 -2 -9 -3 -9 -2 -9 -2 -9 -2 -9 -2 -9 -2 -9 -1 -9 -1 -8 -1 -8 -1 -8 -1 -8 0 -8 0 -7 0 -7 0 -7 0 -7 0 -6 1 -6 0 -6 1 -5 1 -5 1 -5 1 -5 1 -5 2 -4 0 0 0 0 0 0 0 0 0 0 ]
CSI_DATA,AP,10:B4:1D:CC:60:E0,-28,11,1,7,1,1,1,1,0,0,1,-94,0,6,2,32301378,0,68,0,0,32.0108,384,[0 0 0 0 0 0 0 0 0 0 0 0 -6 -10 -6 -11 -6 -10 -5 -10 -5 -10 -6 -10 -6 -9 -5 -9 -6 -9 -5 -9 -6 -9 -6 -8 -6 -8 -6 -8 -6 -8 -6 -7 -6 -7 -6 -7 -6 -7 -6 -7 -6 -7 -6 -7 -6 -7 -6 -7 -6 -7 -6 -7 0 0 -6 -7 -6 -7 -6 -7 -6 -7 -6 -7 -6 -7 -5 -7 -5 -7 -5 -7 -5 -7 -4 -7 -4 -7 -4 -7 -3 -6 -3 -6 -3 -6 -3 -6 -3 -6 -3 -5 -2 -5 -2 -5 -2 -5 -1 -5 -1 -5 -1 -5 -1 -5 0 0 0 0 0 0 0 0 0 0 ]
CSI_DATA,AP,10:B4:1D:CC:60:E0,-28,11,1,7,1,1,1,1,0,0,1,-94,0,6,2,32391372,0,68,0,0,32.1008,384,[0 0 0 0 0 0 0 0 0 0 0 0 -9 7 -9 7 -8 7 -8 7 -8 7 -8 7 -8 6 -8 6 -8 6 -7 6 -7 6 -7 7 -6 7 -6 7 -6 7 -6 7 -6 7 -6 6 -5 7 -5 7 -5 6 -5 7 -5 6 -5 7 -5 7 -5 7 0 0 -5 7 -5 7 -5 7 -5 6 -5 6 -6 6 -6 5 -6 5 -6 5 -6 5 -5 5 -6 5 -6 4 -6 4 -6 3 -5 3 -5 3 -5 3 -5 2 -5 2 -5 2 -5 2 -5 1 -5 1 -5 1 -4 0 0 0 0 0 0 0 0 0 0 0 ]
CSI_DATA,AP,10:B4:1D:CC:60:E0,-28,11,1,7,1,1,1,1,0,0,1,-94,0,6,2,32481301,0,68,0,0,32.1907,384,[0 0 0 0 0 0 0 0 0 0 0 0 -8 8 -8 8 -7 8 -7 8 -7 7 -7 8 -7 8 -6 7 -6 7 -6 7 -6 7 -6 7 -5 7 -5 7 -5 7 -5 7 -5 7 -4 7 -4 7 -4 7 -4 7 -4 8 -4 7 -4 7 -4 7 -4 7 0 0 -4 7 -4 7 -4 7 -4 7 -4 7 -4 7 -4 6 -5 6 -5 6 -5 5 -5 5 -5 5 -5 5 -5 5 -5 4 -5 4 -5 4 -5 3 -5 3 -4 3 -4 2 -4 2 -5 2 -4 2 -4 2 -4 1 0 0 0 0 0 0 0 0 0 0 ]
CSI_DATA,AP,10:B4:1D:CC:60:E0,-29,11,1,7,1,1,1,1,0,0,1,-94,0,6,2,32571423,0,68,0,0,32.2808,384,[0 0 0 0 0 0 0 0 0 0 0 0 -4 -11 -4 -11 -4 -11 -4 -11 -4 -10 -4 -10 -4 -10 -4 -10 -4 -10 -4 -9 -5 -9 -4 -9 -5 -9 -5 -9 -5 -9 -5 -8 -5 -8 -5 -8 -5 -8 -5 -8 -5 -8 -5 -8 -5 -8 -5 -8 -5 -8 -5 -7 0 0 -5 -8 -5 -8 -5 -8 -5 -8 -5 -8 -4 -8 -4 -8 -4 -8 -4 -7 -3 -7 -3 -7 -3 -7 -2 -7 -2 -7 -2 -7 -2 -6 -1 -6 -1 -6 -1 -6 -1 -6 -1 -6 0 -5 0 -5 0 -5 0 -5 0 -5 0 0 0 0 0 0 0 0 0 0 ]
CSI_DATA,AP,10:B4:1D:CC:60:E0,-29,11,1,7,1,1,1,1,0,0,1,-94,0,6,2,32664185,0,68,0,0,32.3736,384,[0 0 0 0 0 0 0 0 0 0 0 0 -7 9 -7 9 -6 9 -6 8 -6 8 -6 8 -6 8 -6 8 -6 8 -5 8 -5 8 -5 8 -5 8 -4 8 -4 8 -4 8 -4 8 -4 8 -4 8 -4 7 -4 8 -4 7 -4 8 -3 8 -3 8 -4 7 0 0 -4 7 -3 7 -4 7 -4 7 -4 7 -4 7 -5 7 -4 6 -5 6 -5 6 -4 6 -4 5 -4 5 -4 5 -5 4 -4 4 -4 4 -5 4 -4 3 -4 3 -4 3 -4 2 -4 2 -4 2 -4 2 -4 1 0 0 0 0 0 0 0 0 0 0 ]
CSI_DATA,AP,10:B4:1D:CC:60:E0,-28,11,1,7,1,1,1,1,0,0,1,-94,0,6,2,32751524,0,68,0,0,32.4609,384,[0 0 0 0 0 0 0 0 0 0 0 0 8 7 8 7 8 7 7 7 7 7 7 6 7 6 7 6 7 6 7 5 7 5 7 5 7 5 7 5 7 5 7 4 7 4 7 4 7 4 7 4 7 4 7 4 7 4 7 3 7 4 7 4 0 0 7 4 7 4 7 4 7 4 7 4 6 4 6 5 6 5 5 4 5 4 5 4 5 5 4 4 4 5 4 4 3 4 3 4 3 4 3 4 2 4 2 4 2 4 1 4 1 4 1 4 0 3 0 0 0 0 0 0 0 0 0 0 ]
CSI_DATA,AP,10:B4:1D:CC:60:E0,-28,11,1,7,1,1,1,1,0,0,1,-94,0,6,2,32841280,0,68,0,0,32.5507,384,[0 0 0 0 0 0 0 0 0 0 0 0 10 -4 10 -5 10 -4 10 -5 9 -5 9 -5 9 -5 9 -5 8 -5 8 -5 8 -5 8 -5 8 -5 7 -5 7 -5 7 -5 7 -5 7 -6 7 -6 7 -6 6 -6 6 -6 6 -6 7 -6 6 -6 6 -6 0 0 6 -6 6 -6 6 -6 6 -6 6 -5 7 -5 7 -5 7 -5 6 -5 7 -4 6 -4 6 -4 6 -3 6 -3 6 -3 6 -3 5 -2 5 -2 5 -2 5 -2 5 -2 4 -1 4 -1 4 -1 4 -1 4 0 0 0 0 0 0 0 0 0 0 0 ]
CSI_DATA,AP,10:B4:1D:CC:60:E0,-28,11,1,7,1,1,1,1,0,0,1,-94,0,6,2,32931545,0,68,0,0,32.6409,384,[0 0 0 0 0 0 0 0 0 0 0 0 11 -2 11 -2 10 -2 10 -2 10 -2 10 -2 10 -2 9 -2 9 -2 9 -2 9 -3 9 -3 8 -3 8 -3 8 -3 8 -3 8 -3 8 -4 8 -4 8 -4 8 -4 8 -4 8 -4 7 -4 7 -4 8 -4 0 0 8 -4 7 -4 7 -4 8 -4 8 -4 7 -3 7 -3 7 -3 7 -2 7 -2 7 -2 6 -2 6 -1 6 -1 6 -1 6 -1 5 -1 5 -1 5 0 5 0 5 0 4 0 4 0 4 0 4 1 3 1 0 0 0 0 0 0 0 0 0 0 ]
CSI_DATA,AP,10:B4:1D:CC:60:E0,-28,11,1,7,1,1,1,1,0,0,1,-94,0,6,2,33021416,0,68,0,0,32.7308,384,[0 0 0 0 0 0 0 0 0 0 0 0 -12 3 -12 3 -11 3 -11 3 -11 3 -11 3 -10 3 -10 3 -10 3 -10 3 -10 3 -9 3 -9 3 -9 4 -9 4 -8 4 -9 4 -8 4 -8 4 -8 4 -8 4 -8 4 -8 4 -8 4 -8 4 -8 4 0 0 -8 4 -8 4 -8 4 -8 4 -8 4 -8 4 -8 3 -8 3 -8 3 -8 3 -7 3 -7 2 -7 2 -7 2 -7 1 -6 1 -6 1 -6 1 -6 0 -6 0 -6 0 -6 0 -5 0 -5 0 -5 -1 -5 -1 0 0 0 0 0 0 0 0 0 0 ]
CSI_DATA,AP,10:B4:1D:CC:60:E0,-28,11,1,7,1,1,1,1,0,0,1,-94,0,6,2,33111485,0,68,0,0,32.8209,384,[0 0 0 0 0 0 0 0 0 0 0 0 0 11 0 11 0 11 0 10 0 10 0 10 0 10 0 10 0 9 1 9 1 9 1 9 1 9 1 8 1 9 1 8 2 8 2 8 2 8 2 8 2 8 2 8 2 8 2 8 2 8 2 8 0 0 2 8 2 8 2 8 1 8 1 8 1 8 1 8 1 8 0 7 0 7 0 7 0 7 0 7 0 7 -1 6 -1 6 -1 5 -1 5 -2 5 -2 5 -2 4 -2 4 -2 4 -2 4 -2 4 -2 3 0 0 0 0 0 0 0 0 0 0 ]
CSI_DATA,AP,10:B4:1D:CC:60:E0,-28,11,1,7,1,1,1,1,0,0,1,-94,0,6,2,33201354,0,68,0,0,32.9107,384,[0 0 0 0 0 0 0 0 0 0 0 0 7 -9 7 -9 7 -9 6 -8 6 -8 6 -8 6 -8 6 -8 6 -8 5 -8 5 -8 5 -8 5 -8 4 -8 5 -8 4 -8 4 -8 4 -8 4 -8 3 -8 3 -8 3 -8 4 -8 3 -8 3 -8 3 -8 0 0 4 -8 3 -8 3 -8 3 -8 3 -7 4 -8 4 -7 4 -7 4 -6 4 -6 4 -6 4 -6 4 -6 4 -5 4 -5 4 -4 4 -4 4 -4 4 -4 3 -3 4 -3 3 -3 3 -3 3 -3 3 -2 3 -2 0 0 0 0 0 0 0 0 0 0 ]
CSI_DATA,AP,10:B4:1D:CC:60:E0,-28,11,1,7,1,1,1,1,0,0,1,-94,0,6,2,33291418,0,68,0,0,33.0008,384,[0 0 0 0 0 0 0 0 0 0 0 0 6 -10 5 -10 5 -10 5 -9 5 -9 5 -9 5 -9 4 -9 4 -9 4 -9 4 -9 4 -9 3 -9 3 -9 3 -9 3 -9 3 -8 3 -9 2 -9 2 -9 2 -9 2 -9 2 -9 2 -9 2 -8 2 -8 0 0 2 -8 2 -8 2 -8 2 -8 2 -8 2 -8 3 -8 3 -7 3 -7 3 -7 3 -7 3 -7 3 -6 3 -6 3 -6 3 -5 3 -5 3 -5 3 -5 3 -4 3 -4 3 -4 3 -4 3 -3 3 -3 3 -3 0 0 0 0 0 0 0 0 0 0 ]
CSI_DATA,AP,10:B4:1D:CC:60:E0,-29,11,1,7,1,1,1,1,0,0,1,-94,0,6,2,33381804,0,68,0,0,33.0912,384,[0 0 0 0 0 0 0 0 0 0 0 0 -4 -12 -4 -11 -4 -11 -4 -11 -4 -11 -4 -10 -4 -10 -4 -10 -4 -10 -4 -10 -4 -10 -4 -9 -4 -9 -4 -9 -5 -9 -5 -9 -4 -8 -5 -8 -5 -8 -5 -8 -5 -8 -5 -8 -5 -8 -5 -8 -5 -8 -5 -8 0 0 -5 -8 -5 -8 -5 -8 -4 -8 -4 -8 -4 -8 -4 -8 -4 -8 -4 -8 -3 -8 -3 -8 -3 -7 -2 -7 -2 -7 -2 -7 -2 -7 -1 -7 -2 -6 -1 -6 -1 -6 -1 -6 0 -6 0 -5 0 -5 0 -5 0 -5 0 0 0 0 0 0 0 0 0 0 ]
CSI_DATA,AP,10:B4:1D:CC:60:E0,-28,11,1,7,1,1,1,1,0,0,1,-94,0,6,2,33471717,0,68,0,0,33.1811,384,[0 0 0 0 0 0 0 0 0 0 0 0 2 10 2 11 2 10 2 10 2 10 2 9 2 9 2 9 2 9 2 9 2 8 2 8 3 8 3 8 3 8 3 8 3 8 3 7 3 8 3 7 3 7 3 7 3 7 4 7 4 7 4 7 0 0 3 7 3 7 3 7 3 7 3 7 2 7 2 7 2 7 2 7 2 6 2 7 1 6 1 6 1 6 0 6 0 6 0 5 0 5 0 5 -1 5 0 4 -1 4 -1 4 -1 4 -1 4 -1 3 0 0 0 0 0 0 0 0 0 0 ]
CSI_DATA,AP,10:B4:1D:CC:60:E0,-28,11,1,7,1,1,1,1,0,0,1,-94,0,6,2,33561841,0,68,0,0,33.2712,384,[0 0 0 0 0 0 0 0 0 0 0 0 11 -2 11 -2 11 -2 10 -1 10 -1 10 -2 10 -2 10 -2 10 -2 9 -2 9 -2 9 -2 9 -2 8 -3 8 -2 9 -3 8 -3 8 -3 8 -3 8 -3 8 -3 8 -3 8 -3 8 -4 8 -4 8 -3 0 0 8 -3 8 -3 8 -3 8 -3 8 -3 8 -2 7 -2 8 -2 7 -1 7 -1 7 -1 7 -1 6 -1 6 -1 6 0 6 0 6 0 5 0 5 0 5 1 5 1 4 1 4 1 4 1 4 1 3 1 0 0 0 0 0 0 0 0 0 0 ]
CSI_DATA,AP,10:B4:1D:CC:60:E0,-28,11,1,7,1,1,1,1,0,0,1,-94,0,6,2,33651278,0,68,0,0,33.3607,384,[0 0 0 0 0 0 0 0 0 0 0 0 -7 9 -6 9 -6 9 -6 9 -6 8 -6 8 -6 8 -6 8 -6 8 -5 8 -5 8 -5 8 -4 8 -4 8 -4 8 -4 8 -4 8 -4 8 -4 8 -3 7 -4 8 -3 8 -3 8 -3 8 -3 8 -3 8 0 0 -4 7 -4 7 -4 7 -4 7 -4 7 -4 7 -4 7 -4 7 -4 6 -4 6 -4 5 -5 5 -4 5 -5 5 -5 4 -5 4 -5 4 -4 3 -5 3 -4 3 -4 3 -4 3 -4 2 -4 2 -4 2 -4 1 0 0 0 0 0 0 0 0 0 0 ]
CSI_DATA,AP,10:B4:1D:CC:60:E0,-28,11,1,7,1,1,1,1,0,0,1,-94,0,6,2,33741397,0,68,0,0,33.4508,384,[0 0 0 0 0 0 0 0 0 0 0 0 4 10 3 10 4 10 4 9 4 9 3 9 4 9 3 9 4 8 4 9 3 8 3 8 4 8 4 8 4 8 4 7 4 7 4 7 4 7 5 7 4 7 5 7 4 7 5 7 5 7 4 7 0 0 4 7 4 7 4 7 4 7 4 7 4 7 3 7 3 7 3 6 3 7 2 6 2 6 2 6 2 6 1 6 1 6 1 6 1 5 0 5 0 5 0 5 0 5 0 4 -1 4 -1 4 -1 4 0 0 0 0 0 0 0 0 0 0 ]
CSI_DATA,AP,10:B4:1D:CC:60:E0,-29,11,1,7,1,1,1,1,0,0,1,-94,0,6,2,33831483,0,68,0,0,33.5409,384,[0 0 0 0 0 0 0 0 0 0 0 0 2 11 2 11 2 10 2 10 2 10 2 10 2 10 2 9 2 9 2 9 3 9 3 8 3 8 3 8 3 8 3 8 3 8 3 7 4 8 3 8 3 7 3 8 4 7 4 7 4 7 3 7 0 0 3 7 3 7 3 7 3 7 3 7 2 7 2 7 2 7 2 7 2 7 2 7 2 6 1 6 1 6 1 6 0 6 0 6 0 5 0 5 0 4 -1 5 -1 4 -1 4 -1 4 -1 4 -1 3 0 0 0 0 0 0 0 0 0 0 ]
CSI_DATA,AP,10:B4:1D:CC:60:E0,-29,11,1,7,1,1,1,1,0,0,1,-94,0,6,2,33921469,0,68,0,0,33.6309,384,[0 0 0 0 0 0 0 0 0 0 0 0 -10 -8 -9 -8 -9 -7 -9 -7 -9 -7 -9 -7 -9 -7 -9 -6 -9 -6 -9 -6 -9 -5 -9 -5 -9 -5 -9 -5 -9 -5 -9 -5 -9 -5 -8 -4 -9 -4 -9 -4 -8 -4 -9 -4 -9 -4 -9 -4 -9 -4 -9 -4 0 0 -9 -4 -9 -4 -8 -4 -8 -4 -8 -4 -8 -5 -7 -5 -8 -5 -7 -5 -7 -5 -7 -5 -7 -5 -6 -5 -6 -5 -6 -5 -5 -4 -5 -5 -5 -4 -4 -4 -4 -5 -4 -4 -4 -4 -3 -4 -3 -4 -3 -4 -2 -4 0 0 0 0 0 0 0 0 0 0 ]
CSI_DATA,AP,10:B4:1D:CC:60:E0,-28,11,1,7,1,1,1,1,0,0,1,-94,0,6,2,34011514,0,68,0,0,33.7209,384,[0 0 0 0 0 0 0 0 0 0 0 0 2 -12 2 -11 1 -11 1 -11 2 -11 1 -11 2 -10 1 -10 1 -10 1 -10 0 -10 0 -10 0 -10 0 -10 0 -10 0 -9 0 -9 -1 -9 -1 -9 -1 -9 -1 -9 -1 -9 -1 -9 -1 -9 -1 -9 -1 -9 0 0 -1 -9 -1 -9 -1 -9 -1 -9 -1 -9 -1 -9 0 -9 0 -8 0 -8 0 -8 0 -8 0 -7 1 -7 1 -7 1 -7 1 -6 1 -6 1 -6 1 -5 2 -5 1 -5 1 -5 2 -5 2 -4 2 -4 2 -4 0 0 0 0 0 0 0 0 0 0 ]
CSI_DATA,AP,10:B4:1D:CC:60:E0,-29,11,1,7,1,1,1,1,0,0,1,-94,0,6,2,34101475,0,68,0,0,33.8109,384,[0 0 0 0 0 0 0 0 0 0 0 0 -8 9 -7 8 -7 9 -7 8 -7 8 -7 8 -6 8 -6 8 -6 8 -6 8 -6 8 -6 8 -5 8 -5 8 -5 8 -5 8 -4 7 -4 8 -4 8 -4 8 -4 8 -4 8 -4 8 -4 8 -4 8 -4 8 0 0 -4 7 -4 7 -4 7 -4 7 -4 7 -5 7 -5 7 -5 6 -5 6 -5 6 -5 6 -5 5 -5 5 -5 5 -5 4 -5 4 -5 4 -5 3 -5 3 -5 3 -5 2 -4 2 -5 2 -5 2 -4 1 -4 1 0 0 0 0 0 0 0 0 0 0 ]
CSI_DATA,AP,10:B4:1D:CC:60:E0,-29,11,1,7,1,1,1,1,0,0,1,-94,0,6,2,34191269,0,68,0,0,33.9006,384,[0 0 0 0 0 0 0 0 0 0 0 0 -11 -4 -11 -4 -11 -4 -11 -4 -11 -4 -11 -3 -11 -3 -10 -3 -10 -3 -10 -3 -10 -3 -10 -2 -10 -2 -10 -2 -10 -2 -9 -2 -10 -2 -9 -1 -9 -2 -9 -1 -9 -1 -9 -1 -9 -1 -9 -1 -9 -1 -9 -1 0 0 -9 -1 -9 -1 -9 -1 -9 -1 -9 -2 -9 -2 -8 -2 -8 -2 -8 -3 -8 -3 -8 -2 -7 -3 -7 -3 -7 -3 -7 -3 -6 -3 -6 -3 -6 -3 -6 -3 -5 -3 -5 -3 -5 -3 -4 -3 -4 -3 -4 -3 -4 -4 0 0 0 0 0 0 0 0 0 0 ]
CSI_DATA,AP,10:B4:1D:CC:60:E0,-29,11,1,7,1,1,1,1,0,0,1,-94,0,6,2,34281401,0,68,0,0,33.9908,384,[0 0 0 0 0 0 0 0 0 0 0 0 -12 -1 -12 -1 -12 -1 -11 -1 -11 -1 -11 -1 -11 -1 -11 -1 -10 -1 -10 0 -10 0 -10 0 -10 0 -10 0 -10 1 -10 1 -9 1 -9 1 -9 1 -9 1 -9 1 -9 1 -9 2 -9 2 -9 2 -9 2 0 0 -9 1 -9 1 -9 1 -9 1 -9 1 -9 1 -9 0 -9 0 -8 0 -8 0 -8 0 -8 0 -8 0 -7 -1 -7 -1 -7 -1 -6 -1 -6 -2 -6 -2 -6 -2 -6 -2 -5 -2 -5 -2 -5 -2 -5 -2 -4 -2 0 0 0 0 0 0 0 0 0 0 ]
CSI_DATA,AP,10:B4:1D:CC:60:E0,-29,11,1,7,1,1,1,1,0,0,1,-94,0,6,2,34371389,0,68,0,0,34.0808,384,[0 0 0 0 0 0 0 0 0 0 0 0 11 0 11 -1 11 -1 10 -1 10 -1 10 -1 10 -1 9 -1 9 -1 9 -1 9 -1 9 -2 9 -2 9 -2 8 -2 8 -2 8 -2 8 -3 8 -3 8 -2 8 -3 8 -3 8 -3 8 -3 8 -3 8 -3 0 0 8 -3 8 -3 8 -3 8 -3 7 -2 8 -2 8 -2 7 -2 7 -1 7 -1 7 -1 7 -1 6 -1 6 0 6 0 6 0 6 0 5 0 5 0 5 1 4 0 4 1 4 1 4 1 4 1 3 1 0 0 0 0 0 0 0 0 0 0 ]
CSI_DATA,AP,10:B4:1D:CC:60:E0,-30,11,1,7,1,1,1,1,0,0,1,-94,0,6,2,34461378,0,68,0,0,34.1708,384,[0 0 0 0 0 0 0 0 0 0 0 0 -12 -2 -12 -2 -11 -2 -11 -2 -11 -2 -11 -2 -11 -2 -10 -2 -11 -2 -10 -1 -10 -1 -10 -1 -10 -1 -10 0 -10 0 -10 0 -9 0 -10 0 -9 0 -9 0 -9 0 -9 0 -9 1 -9 1 -9 1 -9 1 0 0 -9 1 -9 0 -9 0 -9 0 -9 0 -9 0 -9 0 -8 -1 -8 -1 -8 -1 -8 -1 -8 -1 -7 -1 -7 -1 -7 -2 -7 -2 -6 -2 -6 -2 -6 -2 -6 -2 -5 -2 -5 -2 -5 -2 -5 -2 -4 -3 -4 -3 0 0 0 0 0 0 0 0 0 0 ]
CSI_DATA,AP,10:B4:1D:CC:60:E0,-27,11,1,7,1,1,1,1,0,0,1,-94,0,6,2,34551454,0,68,0,0,34.2608,384,[0 0 0 0 0 0 0 0 0 0 0 0 -2 -12 -2 -11 -2 -11 -2 -11 -2 -11 -2 -11 -2 -11 -2 -10 -2 -10 -2 -10 -2 -10 -3 -10 -3 -9 -3 -9 -3 -9 -3 -9 -3 -9 -3 -9 -4 -9 -4 -9 -4 -9 -4 -9 -4 -8 -4 -9 -4 -8 -4 -8 0 0 -4 -9 -4 -9 -4 -8 -3 -8 -3 -9 -3 -9 -3 -9 -2 -9 -2 -8 -2 -8 -2 -8 -2 -8 -1 -8 -1 -8 -1 -7 -1 -7 -1 -7 -1 -6 0 -6 0 -6 0 -6 0 -6 0 -6 1 -5 1 -5 1 -5 0 0 0 0 0 0 0 0 0 0 ]
CSI_DATA,AP,10:B4:1D:CC:60:E0,-29,11,1,7,1,1,1,1,0,0,1,-94,0,6,2,34641405,0,68,0,0,34.3508,384,[0 0 0 0 0 0 0 0 0 0 0 0 -8 7 -8 7 -8 7 -7 7 -7 7 -7 7 -7 6 -7 6 -6 6 -6 6 -6 6 -6 6 -6 6 -6 6 -5 6 -5 6 -5 6 -5 6 -5 6 -5 6 -4 6 -5 6 -4 6 -5 7 -4 6 -4 6 0 0 -5 6 -5 6 -5 6 -5 6 -5 6 -5 6 -5 6 -5 5 -5 5 -5 5 -5 4 -5 4 -5 4 -5 4 -5 3 -5 3 -5 3 -5 3 -5 2 -5 2 -5 2 -5 2 -4 2 -4 1 -4 1 -4 1 0 0 0 0 0 0 0 0 0 0 ]
CSI_DATA,AP,10:B4:1D:CC:60:E0,-28,11,1,7,1,1,1,1,0,0,1,-93,0,6,2,34731432,0,68,0,0,34.4408,384,[0 0 0 0 0 0 0 0 0 0 0 0 2 -12 2 -11 1 -11 1 -11 1 -11 1 -10 1 -10 1 -10 1 -10 1 -10 0 -10 0 -10 0 -10 0 -9 0 -9 -1 -9 0 -9 -1 -9 -1 -9 -1 -9 -1 -9 -1 -9 -1 -9 -1 -9 -1 -9 -1 -9 0 0 -1 -9 -1 -9 -1 -9 -1 -9 -1 -9 -1 -9 0 -9 0 -9 0 -8 0 -8 0 -8 1 -8 1 -7 1 -7 1 -7 1 -6 1 -6 1 -6 1 -6 2 -6 2 -5 2 -5 2 -5 2 -5 2 -4 2 -4 0 0 0 0 0 0 0 0 0 0 ]
CSI_DATA,AP,10:B4:1D:CC:60:E0,-29,11,1,7,1,1,1,1,0,0,1,-93,0,6,2,34821381,0,68,0,0,34.5308,384,[0 0 0 0 0 0 0 0 0 0 0 0 -12 -3 -12 -3 -11 -3 -11 -2 -11 -2 -11 -2 -11 -2 -10 -2 -10 -2 -10 -2 -10 -1 -10 -1 -10 -1 -9 -1 -10 -1 -9 -1 -9 -1 -9 0 -9 0 -9 0 -9 0 -9 0 -9 0 -9 0 -9 0 -9 0 0 0 -9 0 -9 0 -9 0 -9 0 -9 0 -9 -1 -8 -1 -8 -1 -8 -1 -8 -1 -8 -1 -7 -2 -7 -2 -7 -2 -7 -2 -6 -2 -6 -2 -6 -2 -6 -2 -5 -2 -5 -3 -5 -3 -5 -3 -5 -3 -4 -3 -4 -3 0 0 0 0 0 0 0 0 0 0 ]
CSI_DATA,AP,10:B4:1D:CC:60:E0,-28,11,1,7,1,1,1,1,0,0,1,-93,0,6,2,34911303,0,68,0,0,34.6207,384,[0 0 0 0 0 0 0 0 0 0 0 0 -5 -11 -5 -10 -5 -10 -5 -10 -5 -10 -5 -9 -5 -9 -5 -9 -5 -9 -6 -9 -5 -8 -6 -8 -6 -8 -6 -8 -6 -8 -6 -7 -6 -7 -6 -7 -6 -7 -6 -7 -6 -7 -6 -7 -6 -6 -7 -6 -7 -6 -6 -6 0 0 -6 -7 -6 -7 -6 -7 -6 -7 -6 -7 -6 -7 -5 -7 -5 -7 -5 -7 -5 -7 -5 -6 -4 -7 -4 -7 -4 -7 -4 -6 -4 -6 -3 -6 -3 -6 -3 -6 -2 -6 -2 -6 -2 -6 -2 -5 -2 -5 -1 -5 -1 -5 0 0 0 0 0 0 0 0 0 0 ]
CSI_DATA,AP,10:B4:1D:CC:60:E0,-29,11,1,7,1,1,1,1,0,0,1,-93,0,6,2,35001453,0,68,0,0,34.7108,384,[0 0 0 0 0 0 0 0 0 0 0 0 11 -1 11 -1 10 -1 10 -1 10 -1 10 -1 10 -1 9 -1 9 -2 9 -2 9 -2 8 -3 8 -3 8 -3 8 -3 8 -3 8 -3 8 -3 8 -3 8 -3 7 -3 7 -3 7 -3 7 -4 7 -4 7 -4 0 0 8 -3 7 -3 7 -3 7 -3 7 -3 7 -3 7 -3 7 -2 7 -2 7 -2 7 -2 6 -2 6 -1 6 -1 6 -1 6 -1 6 -1 5 -1 5 0 5 0 5 0 4 0 4 0 4 0 4 1 4 1 0 0 0 0 0 0 0 0 0 0 ]
CSI_DATA,AP,10:B4:1D:CC:60:E0,-29,11,1,7,1,1,1,1,0,0,1,-93,0,6,2,35091406,0,68,0,0,34.8008,384,[0 0 0 0 0 0 0 0 0 0 0 0 9 5 9 5 9 5 9 5 9 5 8 4 8 4 8 4 8 4 8 4 8 3 8 3 8 3 8 3 8 3 8 2 8 2 8 2 8 2 8 2 8 2 8 2 8 2 8 1 8 1 8 2 0 0 8 2 8 2 8 2 8 2 8 2 7 2 7 2 7 2 7 2 7 2 6 3 6 3 6 3 5 3 5 3 5 3 5 3 4 3 4 3 4 3 4 3 3 3 3 3 3 3 3 3 2 3 0 0 0 0 0 0 0 0 0 0 ]
CSI_DATA,AP,10:B4:1D:CC:60:E0,-29,11,1,7,1,1,1,1,0,0,1,-93,0,6,2,35181311,0,68,0,0,34.8907,384,[0 0 0 0 0 0 0 0 0 0 0 0 -4 10 -4 10 -4 10 -4 10 -3 9 -3 9 -3 9 -3 9 -3 9 -3 9 -2 9 -2 9 -2 8 -2 8 -2 8 -1 8 -1 8 -1 8 -1 8 -1 8 -1 8 -1 8 -1 8 0 8 0 8 0 8 0 0 -1 8 -1 8 -1 8 -1 8 -1 8 -1 8 -1 8 -1 8 -2 7 -1 7 -2 7 -2 7 -2 7 -2 6 -2 6 -2 6 -3 6 -3 5 -3 5 -3 5 -3 4 -3 4 -3 4 -3 4 -3 4 -3 3 0 0 0 0 0 0 0 0 0 0 ]
CSI_DATA,AP,10:B4:1D:CC:60:E0,-28,11,1,7,1,1,1,1,0,0,1,-93,0,6,2,35271407,0,68,0,0,34.9808,384,[0 0 0 0 0 0 0 0 0 0 0 0 0 -12 0 -12 0 -12 0 -11 0 -11 0 -11 0 -11 -1 -10 -1 -10 -1 -10 -1 -10 -1 -10 -2 -10 -1 -10 -2 -10 -2 -9 -2 -9 -2 -9 -3 -9 -3 -9 -3 -9 -3 -9 -3 -9 -3 -9 -3 -9 -3 -9 0 0 -3 -9 -3 -9 -3 -9 -2 -9 -2 -9 -2 -9 -2 -9 -2 -9 -2 -9 -1 -9 -1 -8 -1 -8 -1 -8 0 -8 0 -7 0 -7 0 -7 0 -7 0 -6 0 -6 1 -6 1 -6 1 -6 1 -6 1 -5 2 -5 0 0 0 0 0 0 0 0 0 0 ]
CSI_DATA,AP,10:B4:1D:CC:60:E0,-27,11,1,7,1,1,1,1,0,0,1,-93,0,6,2,35361349,0,68,0,0,35.0707,384,[0 0 0 0 0 0 0 0 0 0 0 0 5 -10 5 -10 5 -10 5 -10 5 -10 5 -9 5 -9 4 -9 4 -9 4 -9 4 -9 3 -9 3 -9 3 -9 3 -9 3 -9 3 -9 2 -9 2 -9 2 -9 2 -9 2 -9 2 -9 2 -9 2 -9 1 -9 0 0 2 -9 2 -9 2 -9 2 -9 2 -9 3 -9 3 -9 3 -8 3 -8 3 -8 3 -8 3 -8 3 -7 3 -7 3 -6 4 -6 3 -6 3 -6 4 -5 3 -5 3 -5 4 -5 4 -4 3 -4 3 -4 4 -3 0 0 0 0 0 0 0 0 0 0 ]
CSI_DATA,AP,10:B4:1D:CC:60:E0,-28,11,1,7,1,1,1,1,0,0,1,-93,0,6,2,35451358,0,68,0,0,35.1607,384,[0 0 0 0 0 0 0 0 0 0 0 0 8 -8 8 -8 8 -8 7 -8 7 -8 7 -8 7 -8 7 -7 7 -7 6 -8 6 -8 6 -7 6 -8 5 -8 5 -8 5 -8 5 -8 5 -8 5 -8 5 -8 4 -8 4 -8 4 -8 4 -8 4 -8 4 -8 0 0 4 -8 4 -8 4 -8 5 -8 5 -8 5 -8 5 -7 5 -7 5 -7 5 -6 5 -6 5 -6 5 -6 5 -6 5 -5 5 -5 5 -5 5 -4 5 -4 5 -4 5 -3 5 -3 4 -3 4 -3 4 -2 4 -2 0 0 0 0 0 0 0 0 0 0 ]
CSI_DATA,AP,10:B4:1D:CC:60:E0,-28,11,1,7,1,1,1,1,0,0,1,-93,0,6,2,35541321,0,68,0,0,35.2507,384,[0 0 0 0 0 0 0 0 0 0 0 0 5 9 5 9 5 9 5 9 5 8 5 8 5 8 5 8 5 8 5 7 5 7 5 7 5 7 5 7 6 7 5 6 5 6 6 6 6 6 6 6 6 6 6 6 6 5 6 5 6 6 6 5 0 0 6 6 6 6 6 6 5 5 6 6 5 6 5 6 5 6 4 6 4 6 4 6 4 6 3 6 3 6 3 5 3 5 2 5 2 5 2 5 1 5 1 5 1 5 1 5 0 4 1 4 0 4 0 0 0 0 0 0 0 0 0 0 ]
CSI_DATA,AP,10:B4:1D:CC:60:E0,-29,11,1,7,1,1,1,1,0,0,1,-93,0,6,2,35634455,0,68,0,0,35.3439,384,[0 0 0 0 0 0 0 0 0 0 0 0 1 -12 1 -12 1 -11 1 -11 1 -11 1 -11 1 -11 1 -11 0 -10 0 -10 0 -10 0 -10 0 -10 -1 -10 -1 -10 -1 -10 -1 -9 -1 -9 -2 -9 -2 -9 -1 -9 -2 -9 -2 -9 -2 -9 -2 -9 -2 -9 0 0 -2 -9 -2 -9 -2 -9 -2 -9 -2 -9 -1 -9 -1 -9 -1 -9 -1 -8 0 -9 0 -8 0 -8 0 -8 0 -8 0 -7 1 -7 1 -7 1 -6 1 -7 1 -6 1 -6 1 -6 1 -6 2 -5 1 -5 2 -4 0 0 0 0 0 0 0 0 0 0 ]
CSI_DATA,AP,10:B4:1D:CC:60:E0,-29,11,1,7,1,1,1,1,0,0,1,-93,0,6,2,35721274,0,68,0,0,35.4306,384,[0 0 0 0 0 0 0 0 0 0 0 0 -6 -11 -6 -11 -5 -10 -6 -10 -5 -10 -6 -10 -5 -10 -6 -9 -5 -9 -6 -9 -6 -9 -6 -8 -6 -8 -6 -8 -6 -8 -6 -8 -6 -8 -6 -7 -7 -7 -7 -7 -7 -7 -6 -7 -6 -7 -7 -7 -7 -7 -7 -7 0 0 -7 -7 -7 -7 -7 -7 -6 -7 -6 -7 -6 -7 -6 -7 -6 -7 -5 -7 -5 -7 -5 -7 -5 -7 -4 -7 -4 -7 -4 -7 -4 -6 -3 -6 -3 -6 -3 -6 -3 -6 -3 -6 -2 -6 -2 -5 -2 -5 -2 -5 -1 -5 0 0 0 0 0 0 0 0 0 0 ]
CSI_DATA,AP,10:B4:1D:CC:60:E0,-29,11,1,7,1,1,1,1,0,0,1,-94,0,6,2,35811340,0,68,0,0,35.5207,384,[0 0 0 0 0 0 0 0 0 0 0 0 -8 -9 -7 -9 -8 -9 -8 -9 -8 -9 -8 -8 -7 -8 -7 -8 -7 -8 -8 -7 -8 -7 -7 -7 -7 -7 -8 -6 -8 -6 -8 -6 -8 -6 -8 -6 -8 -5 -8 -6 -8 -6 -8 -5 -8 -5 -8 -5 -8 -5 -8 -5 0 0 -8 -5 -8 -5 -8 -5 -8 -5 -8 -5 -8 -6 -7 -6 -7 -6 -7 -6 -7 -6 -6 -5 -6 -6 -6 -6 -6 -6 -5 -5 -5 -5 -5 -6 -5 -5 -4 -5 -4 -5 -4 -5 -3 -5 -3 -5 -3 -5 -3 -5 -2 -5 0 0 0 0 0 0 0 0 0 0 ]
CSI_DATA,AP,10:B4:1D:CC:60:E0,-28,11,1,7,1,1,1,1,0,0,1,-94,0,6,2,35901455,0,68,0,0,35.6108,384,[0 0 0 0 0 0 0 0 0 0 0 0 -10 6 -10 5 -10 6 -9 5 -9 5 -9 5 -9 5 -9 5 -9 5 -8 5 -8 5 -8 5 -8 5 -7 5 -7 6 -7 6 -6 6 -6 6 -6 6 -6 6 -6 6 -6 6 -6 6 -6 7 -6 6 -6 6 0 0 -6 6 -6 6 -6 6 -6 6 -6 6 -6 6 -6 6 -6 5 -6 5 -6 5 -6 5 -6 4 -6 4 -6 4 -6 4 -6 3 -6 3 -6 3 -6 2 -6 2 -6 2 -6 2 -5 1 -5 1 -5 1 -5 0 0 0 0 0 0 0 0 0 0 0 ]
CSI_DATA,AP,10:B4:1D:CC:60:E0,-27,11,1,7,1,1,1,1,0,0,1,-94,0,6,2,35991342,0,68,0,0,35.7007,384,[0 0 0 0 0 0 0 0 0 0 0 0 9 5 9 5 9 5 9 5 8 5 9 5 8 5 8 4 8 4 8 4 8 3 8 3 8 3 8 3 8 3 8 2 8 2 8 2 8 2 8 2 8 2 8 2 8 2 8 2 8 2 8 1 0 0 8 2 8 2 8 2 8 2 8 2 8 2 8 2 7 3 7 2 7 2 7 3 6 3 6 3 6 3 6 3 5 3 5 3 5 3 4 3 4 3 4 3 4 3 3 3 3 3 3 3 3 3 0 0 0 0 0 0 0 0 0 0 ]
CSI_DATA,AP,10:B4:1D:CC:60:E0,-26,11,1,7,1,1,1,1,0,0,1,-94,0,6,2,36081387,0,68,0,0,35.7908,384,[0 0 0 0 0 0 0 0 0 0 0 0 0 11 0 10 0 10 0 10 0 10 0 10 0 9 0 9 0 9 1 9 1 9 1 8 1 9 1 8 2 8 2 8 2 8 2 8 2 8 2 8 2 8 2 8 2 8 2 8 3 8 2 8 0 0 2 8 2 8 2 8 2 8 2 8 1 8 1 8 1 8 1 7 1 7 0 7 0 7 0 7 0 7 0 6 -1 6 -1 6 -1 6 -1 6 -1 5 -2 5 -2 5 -2 5 -2 5 -2 4 -2 4 0 0 0 0 0 0 0 0 0 0 ]
CSI_DATA,AP,10:B4:1D:CC:60:E0,-25,11,1,7,1,1,1,1,0,0,1,-94,0,6,2,36171552,0,68,0,0,35.8809,384,[0 0 0 0 0 0 0 0 0 0 0 0 9 -7 8 -7 8 -7 8 -7 8 -7 8 -7 8 -7 8 -6 7 -7 7 -7 7 -7 7 -7 6 -7 6 -7 6 -7 5 -7 5 -7 5 -7 5 -7 5 -8 5 -7 5 -7 5 -7 5 -8 5 -8 5 -8 0 0 5 -8 5 -8 4 -8 5 -8 5 -7 5 -7 5 -7 5 -7 5 -6 5 -6 5 -6 5 -6 5 -5 5 -5 5 -5 5 -5 5 -5 5 -4 5 -4 5 -3 5 -3 4 -3 5 -3 4 -3 4 -2 4 -2 0 0 0 0 0 0 0 0 0 0 ]
CSI_DATA,AP,10:B4:1D:CC:60:E0,-24,11,1,7,1,1,1,1,0,0,1,-94,0,6,2,36261379,0,68,0,0,35.9708,384,[0 0 0 0 0 0 0 0 0 0 0 0 8 -7 8 -7 8 -7 8 -7 8 -7 8 -7 7 -7 7 -7 7 -7 7 -7 6 -7 6 -7 6 -7 6 -7 6 -7 5 -7 6 -7 5 -7 5 -7 5 -7 5 -7 5 -7 5 -7 5 -8 4 -8 5 -7 0 0 5 -7 5 -7 5 -7 5 -7 5 -7 5 -7 5 -6 5 -6 6 -6 5 -6 5 -5 5 -5 5 -5 5 -5 5 -5 5 -4 5 -4 5 -4 5 -3 5 -3 5 -3 5 -2 5 -2 4 -2 4 -2 4 -1 0 0 0 0 0 0 0 0 0 0 ]
CSI_DATA,AP,10:B4:1D:CC:60:E0,-25,11,1,7,1,1,1,1,0,0,1,-94,0,6,2,36351405,0,68,0,0,36.0608,384,[0 0 0 0 0 0 0 0 0 0 0 0 -4 10 -4 10 -4 10 -4 9 -4 9 -4 9 -4 9 -3 9 -3 9 -3 9 -3 9 -2 8 -2 9 -2 9 -2 8 -2 8 -1 8 -1 8 -1 8 -1 8 -1 8 -1 8 -1 8 0 8 -1 8 -1 8 0 0 -1 8 -1 8 -1 8 -1 8 -1 8 -1 8 -1 8 -2 8 -2 8 -2 7 -2 7 -2 7 -2 7 -2 6 -2 6 -3 6 -3 6 -3 5 -3 5 -3 5 -3 4 -3 4 -3 4 -3 4 -3 4 -4 3 0 0 0 0 0 0 0 0 0 0 ]
CSI_DATA,AP,10:B4:1D:CC:60:E0,-26,11,1,7,1,1,1,1,0,0,1,-94,0,6,2,36441337,0,68,0,0,36.1507,384,[0 0 0 0 0 0 0 0 0 0 0 0 11 0 10 0 10 0 10 0 10 0 10 0 9 0 9 0 9 -1 9 0 9 -1 9 -1 8 -1 8 -1 8 -1 8 -1 8 -2 8 -2 8 -2 8 -2 8 -2 8 -2 8 -2 8 -2 8 -2 8 -2 0 0 8 -2 8 -2 8 -2 8 -2 8 -1 8 -1 8 -1 8 -1 8 -1 7 0 7 0 7 0 7 0 6 0 6 0 6 1 6 1 6 1 5 1 5 1 5 1 5 1 4 2 4 2 4 2 3 2 0 0 0 0 0 0 0 0 0 0 ]
CSI_DATA,AP,10:B4:1D:CC:60:E0,-26,11,1,7,1,1,1,1,0,0,1,-94,0,6,2,36531462,0,68,0,0,36.2408,384,[0 0 0 0 0 0 0 0 0 0 0 0 11 0 11 0 10 0 10 0 10 0 10 0 10 0 10 0 9 0 9 -1 9 -1 9 -1 9 -1 9 -1 9 -2 8 -2 9 -2 8 -2 8 -2 8 -2 8 -2 8 -3 8 -2 8 -3 8 -3 8 -3 0 0 8 -3 8 -3 8 -3 8 -3 8 -2 8 -2 8 -2 7 -2 8 -1 7 -1 7 -1 7 -1 7 -1 7 -1 6 0 6 0 6 0 6 0 5 0 5 0 5 1 5 1 4 1 4 1 4 1 4 1 0 0 0 0 0 0 0 0 0 0 ]
CSI_DATA,AP,10:B4:1D:CC:60:E0,-27,11,1,7,1,1,1,1,0,0,1,-94,0,6,2,36621328,0,68,0,0,36.3307,384,[0 0 0 0 0 0 0 0 0 0 0 0 10 -4 10 -4 10 -4 9 -4 9 -4 9 -4 9 -4 9 -4 8 -4 8 -4 8 -4 8 -4 8 -4 8 -4 7 -5 7 -5 7 -5 7 -5 7 -5 7 -5 7 -5 6 -6 7 -6 7 -5 6 -5 6 -6 0 0 7 -5 7 -5 6 -5 7 -5 7 -5 7 -5 7 -5 7 -4 7 -4 7 -4 6 -4 6 -3 6 -3 6 -3 6 -2 6 -2 5 -2 5 -2 5 -2 5 -1 5 -1 5 -1 4 -1 4 -1 4 0 4 0 0 0 0 0 0 0 0 0 0 0 ]
CSI_DATA,AP,10:B4:1D:CC:60:E0,-28,11,1,7,1,1,1,1,0,0,1,-94,0,6,2,36711402,0,68,0,0,36.4208,384,[0 0 0 0 0 0 0 0 0 0 0 0 3 10 3 10 3 10 3 10 3 9 3 9 3 9 3 9 3 9 4 8 4 8 4 8 4 8 4 8 4 8 4 7 4 7 4 7 4 7 4 7 4 7 5 7 5 6 5 7 5 7 5 7 0 0 4 7 4 7 4 7 4 6 4 7 4 7 3 7 3 7 3 7 3 6 3 6 2 6 2 6 2 6 2 6 1 6 1 6 1 5 1 5 0 5 0 5 0 5 0 4 -1 4 -1 4 -1 4 0 0 0 0 0 0 0 0 0 0 ]
CSI_DATA,AP,10:B4:1D:CC:60:E0,-28,11,1,7,1,1,1,1,0,0,1,-94,0,6,2,36801330,0,68,0,0,36.5107,384,[0 0 0 0 0 0 0 0 0 0 0 0 10 3 10 3 10 4 10 3 9 3 9 3 9 3 9 3 9 2 9 2 9 2 8 2 9 2 9 2 8 1 8 1 8 1 8 1 9 1 9 0 8 1 8 1 8 1 8 0 8 0 8 0 0 0 8 1 8 0 8 1 8 1 8 1 8 1 8 1 7 1 7 1 7 2 7 2 6 2 6 2 6 2 6 2 6 2 5 2 5 2 4 2 4 2 4 3 4 2 4 3 3 3 3 3 3 3 0 0 0 0 0 0 0 0 0 0 ]
CSI_DATA,AP,10:B4:1D:CC:60:E0,-27,11,1,7,1,1,1,1,0,0,1,-94,0,6,2,36891347,0,68,0,0,36.6007,384,[0 0 0 0 0 0 0 0 0 0 0 0 -12 -1 -12 -1 -12 -1 -12 -1 -11 -1 -11 -1 -11 -1 -11 0 -11 0 -11 0 -10 0 -10 1 -10 0 -10 1 -10 1 -10 1 -10 1 -10 1 -9 2 -9 2 -9 2 -9 2 -9 2 -9 2 -9 2 -9 2 0 0 -10 2 -9 2 -9 2 -9 2 -9 2 -9 2 -9 1 -9 1 -9 1 -9 1 -8 0 -8 0 -8 0 -8 0 -8 -1 -8 -1 -7 -1 -7 -1 -7 -1 -6 -1 -6 -1 -6 -2 -6 -2 -6 -2 -5 -2 -5 -2 0 0 0 0 0 0 0 0 0 0 ]
CSI_DATA,AP,10:B4:1D:CC:60:E0,-27,11,1,7,1,1,1,1,0,0,1,-94,0,6,2,36981418,0,68,0,0,36.6908,384,[0 0 0 0 0 0 0 0 0 0 0 0 1 -12 0 -12 0 -12 0 -12 0 -12 0 -11 0 -11 0 -11 0 -11 0 -10 0 -10 0 -10 -1 -10 -1 -10 -1 -10 -1 -10 -1 -10 -2 -9 -2 -10 -2 -10 -2 -10 -2 -10 -2 -9 -2 -10 -2 -9 -2 -9 0 0 -2 -9 -2 -10 -2 -10 -2 -9 -2 -10 -2 -9 -1 -9 -1 -9 -1 -9 0 -9 0 -8 0 -8 0 -8 0 -8 0 -8 0 -7 1 -7 1 -7 1 -7 1 -6 1 -6 2 -6 2 -6 2 -5 2 -5 2 -5 0 0 0 0 0 0 0 0 0 0 ]
CSI_DATA,AP,10:B4:1D:CC:60:E0,-27,11,1,7,1,1,1,1,0,0,1,-94,0,6,2,37071412,0,68,0,0,36.7808,384,[0 0 0 0 0 0 0 0 0 0 0 0 2 10 3 10 3 10 3 10 2 10 3 10 2 10 3 9 3 9 3 9 3 8 3 8 3 8 4 8 4 8 3 8 4 8 4 7 4 8 4 8 4 8 4 7 4 7 5 7 4 7 4 7 0 0 4 7 4 7 4 8 4 7 4 8 4 8 3 8 3 8 3 7 3 7 2 7 2 7 2 7 2 7 1 6 1 6 1 6 1 6 1 6 0 5 0 5 -1 5 -1 5 -1 5 -1 5 -1 4 0 0 0 0 0 0 0 0 0 0 ]
CSI_DATA,AP,10:B4:1D:CC:60:E0,-27,11,1,7,1,1,1,1,0,0,1,-94,0,6,2,37161321,0,68,0,0,36.8707,384,[0 0 0 0 0 0 0 0 0 0 0 0 11 -3 11 -3 11 -3 10 -3 10 -3 10 -3 10 -3 10 -3 9 -3 9 -4 9 -4 9 -4 9 -4 8 -4 8 -4 9 -5 8 -5 8 -5 8 -5 8 -5 8 -5 8 -5 8 -5 8 -5 8 -5 8 -5 0 0 8 -5 8 -5 7 -5 8 -5 8 -4 8 -4 8 -4 8 -4 8 -4 8 -4 8 -3 7 -3 7 -3 7 -2 7 -2 7 -2 7 -2 6 -1 6 -1 6 -1 6 -1 6 0 5 0 5 0 5 0 5 1 0 0 0 0 0 0 0 0 0 0 ]
CSI_DATA,AP,10:B4:1D:CC:60:E0,-27,11,1,7,1,1,1,1,0,0,1,-94,0,6,2,37251617,0,68,0,0,36.961,384,[0 0 0 0 0 0 0 0 0 0 0 0 4 10 4 9 4 9 4 9 4 9 4 9 4 9 4 8 4 8 4 8 4 8 4 8 4 7 5 7 5 7 5 7 5 7 5 6 5 6 5 6 5 6 5 6 5 6 5 6 6 6 6 6 0 0 5 6 6 6 5 6 5 6 5 7 5 6 5 7 4 7 4 6 4 6 4 6 3 6 3 6 3 6 3 6 2 6 2 6 2 5 2 5 1 5 1 5 1 5 1 5 0 5 0 5 0 5 0 0 0 0 0 0 0 0 0 0 ]
CSI_DATA,AP,10:B4:1D:CC:60:E0,-27,11,1,7,1,1,1,1,0,0,1,-94,0,6,2,37341539,0,68,0,0,37.0509,384,[0 0 0 0 0 0 0 0 0 0 0 0 8 -8 8 -8 8 -8 8 -8 8 -8 7 -8 7 -8 7 -7 7 -7 6 -7 6 -8 6 -8 6 -8 6 -8 6 -8 5 -8 5 -8 5 -8 5 -8 5 -8 5 -8 5 -8 4 -8 4 -8 4 -8 4 -8 0 0 5 -8 5 -8 5 -8 5 -8 5 -8 5 -8 5 -8 5 -7 5 -7 5 -7 5 -6 5 -6 5 -6 5 -6 5 -5 5 -5 5 -5 5 -4 5 -4 5 -4 5 -3 5 -4 5 -3 5 -3 4 -3 5 -2 0 0 0 0 0 0 0 0 0 0 ]
CSI_DATA,AP,10:B4:1D:CC:60:E0,-26,11,1,7,1,1,1,1,0,0,1,-94,0,6,2,37431362,0,68,0,0,37.1407,384,[0 0 0 0 0 0 0 0 0 0 0 0 10 -4 10 -4 10 -4 10 -4 10 -4 10 -4 9 -5 9 -4 9 -4 8 -5 8 -5 8 -5 8 -5 8 -5 8 -5 7 -5 8 -6 7 -6 7 -6 7 -6 7 -6 7 -6 7 -6 7 -6 7 -6 7 -7 0 0 7 -6 7 -6 7 -6 7 -6 7 -6 7 -6 7 -5 7 -5 7 -5 7 -5 7 -4 7 -4 6 -4 7 -4 6 -4 6 -3 6 -3 6 -3 6 -3 5 -2 5 -2 5 -2 5 -2 5 -1 5 -1 5 -1 0 0 0 0 0 0 0 0 0 0 ]
CSI_DATA,AP,10:B4:1D:CC:60:E0,-26,11,1,7,1,1,1,1,0,0,1,-94,0,6,2,37521306,0,68,0,0,37.2307,384,[0 0 0 0 0 0 0 0 0 0 0 0 -11 -4 -11 -4 -11 -3 -11 -4 -11 -3 -11 -3 -10 -3 -11 -3 -10 -3 -10 -2 -10 -2 -10 -2 -10 -2 -10 -2 -10 -1 -10 -1 -10 -1 -10 0 -10 -1 -10 0 -10 0 -10 0 -9 0 -10 0 -10 0 -10 0 0 0 -10 0 -10 0 -10 0 -10 0 -10 0 -9 -1 -9 -1 -9 -1 -9 -1 -9 -1 -9 -1 -8 -2 -8 -2 -8 -2 -8 -2 -8 -2 -7 -2 -7 -2 -7 -2 -6 -2 -6 -3 -6 -3 -6 -3 -5 -3 -5 -3 -5 -3 0 0 0 0 0 0 0 0 0 0 ]
CSI_DATA,AP,10:B4:1D:CC:60:E0,-26,11,1,7,1,1,1,1,0,0,1,-94,0,6,2,37611288,0,68,0,0,37.3207,384,[0 0 0 0 0 0 0 0 0 0 0 0 9 -7 8 -7 8 -7 8 -7 8 -7 8 -7 8 -7 8 -7 7 -7 7 -7 7 -7 7 -7 6 -7 6 -7 6 -7 6 -8 6 -7 5 -7 5 -8 5 -8 5 -8 5 -8 5 -8 5 -8 5 -8 5 -8 0 0 5 -8 5 -8 5 -8 5 -8 5 -7 6 -7 5 -7 5 -7 6 -6 6 -6 5 -6 6 -6 5 -6 5 -6 5 -5 5 -4 5 -4 5 -4 5 -4 5 -3 5 -3 5 -3 5 -3 5 -2 5 -2 5 -2 0 0 0 0 0 0 0 0 0 0 ]
CSI_DATA,AP,10:B4:1D:CC:60:E0,-27,11,1,7,1,1,1,1,0,0,1,-94,0,6,2,37701228,0,68,0,0,37.4106,384,[0 0 0 0 0 0 0 0 0 0 0 0 -12 1 -11 1 -12 1 -11 1 -11 1 -11 1 -11 1 -11 1 -10 2 -10 2 -10 2 -10 2 -10 2 -10 2 -9 3 -9 3 -9 3 -9 3 -9 3 -9 3 -9 3 -9 3 -9 4 -9 4 -9 4 -9 4 0 0 -9 3 -9 4 -8 3 -9 4 -9 3 -9 3 -9 3 -9 2 -9 2 -9 2 -8 2 -8 2 -8 2 -8 1 -8 1 -7 1 -7 1 -7 0 -7 0 -7 0 -7 0 -6 0 -6 -1 -6 -1 -6 -1 -6 -1 0 0 0 0 0 0 0 0 0 0 ]
CSI_DATA,AP,10:B4:1D:CC:60:E0,-27,11,1,7,1,1,1,1,0,0,1,-93,0,6,2,37791409,0,68,0,0,37.5008,384,[0 0 0 0 0 0 0 0 0 0 0 0 4 9 4 10 4 9 4 10 4 9 4 9 4 8 4 8 4 8 5 8 5 8 5 7 5 7 5 7 5 7 5 7 5 7 5 6 5 7 5 7 5 6 5 7 5 6 6 6 6 6 6 6 0 0 5 6 5 6 6 7 5 6 5 7 5 7 4 7 4 7 4 6 4 6 4 6 3 6 3 6 3 6 3 6 2 6 2 6 2 6 2 5 1 5 1 5 1 5 1 5 0 5 0 5 0 5 0 0 0 0 0 0 0 0 0 0 ]
CSI_DATA,AP,10:B4:1D:CC:60:E0,-27,11,1,7,1,1,1,1,0,0,1,-93,0,6,2,37881357,0,68,0,0,37.5907,384,[0 0 0 0 0 0 0 0 0 0 0 0 9 -7 9 -7 9 -7 8 -7 8 -7 8 -7 8 -6 8 -6 8 -6 7 -7 7 -7 7 -7 7 -7 6 -7 6 -7 6 -7 6 -7 6 -7 5 -7 6 -7 6 -7 5 -7 5 -7 5 -8 5 -8 5 -7 0 0 5 -7 5 -7 5 -7 6 -7 5 -7 6 -7 6 -6 6 -6 6 -6 6 -6 5 -5 6 -5 5 -5 5 -5 5 -5 5 -4 5 -4 5 -3 5 -3 5 -3 5 -3 5 -3 5 -2 4 -2 4 -2 4 -1 0 0 0 0 0 0 0 0 0 0 ]
CSI_DATA,AP,10:B4:1D:CC:60:E0,-27,11,1,7,1,1,1,1,0,0,1,-93,0,6,2,37971268,0,68,0,0,37.6806,384,[0 0 0 0 0 0 0 0 0 0 0 0 -4 -12 -4 -11 -4 -11 -4 -11 -4 -11 -4 -10 -4 -10 -4 -10 -4 -10 -4 -10 -4 -9 -4 -9 -4 -9 -5 -9 -5 -9 -5 -9 -5 -8 -5 -9 -5 -9 -5 -8 -5 -8 -5 -8 -5 -8 -6 -8 -5 -8 -5 -8 0 0 -5 -8 -5 -8 -5 -8 -5 -8 -5 -8 -5 -9 -4 -8 -4 -8 -4 -8 -4 -8 -4 -8 -3 -8 -3 -8 -2 -7 -3 -7 -2 -7 -2 -7 -2 -7 -1 -7 -1 -6 -1 -6 -1 -6 -1 -6 0 -6 0 -6 0 -5 0 0 0 0 0 0 0 0 0 0 ]
CSI_DATA,AP,10:B4:1D:CC:60:E0,-27,11,1,7,1,1,1,1,0,0,1,-94,0,6,2,38061366,0,68,0,0,37.7707,384,[0 0 0 0 0 0 0 0 0 0 0 0 1 -12 1 -11 1 -11 0 -11 0 -11 0 -11 1 -11 0 -10 0 -10 0 -10 0 -10 0 -10 -1 -10 -1 -10 -1 -10 -1 -9 -1 -9 -1 -9 -2 -9 -2 -9 -2 -9 -2 -9 -2 -9 -2 -9 -2 -9 -2 -9 0 0 -2 -9 -2 -9 -2 -9 -2 -9 -1 -9 -1 -9 -1 -9 -1 -9 -1 -8 0 -9 0 -8 0 -8 0 -8 0 -8 1 -7 0 -7 1 -7 1 -7 1 -6 1 -6 1 -6 1 -6 2 -6 2 -5 2 -5 2 -5 0 0 0 0 0 0 0 0 0 0 ]
CSI_DATA,AP,10:B4:1D:CC:60:E0,-27,11,1,7,1,1,1,1,0,0,1,-94,0,6,2,38151481,0,68,0,0,37.8609,384,[0 0 0 0 0 0 0 0 0 0 0 0 4 -11 3 -11 3 -11 3 -11 3 -10 3 -10 3 -10 3 -10 3 -10 2 -10 2 -10 2 -10 1 -10 1 -9 1 -10 1 -9 1 -9 1 -9 0 -9 0 -10 0 -9 0 -9 0 -9 0 -9 0 -9 0 -9 0 0 0 -9 0 -9 0 -9 0 -9 1 -9 1 -9 1 -9 1 -9 2 -8 2 -8 2 -8 2 -8 2 -8 2 -7 2 -7 2 -7 2 -6 2 -6 3 -6 2 -6 2 -6 3 -5 3 -5 3 -5 3 -4 3 -4 0 0 0 0 0 0 0 0 0 0 ]
CSI_DATA,AP,10:B4:1D:CC:60:E0,-27,11,1,7,1,1,1,1,0,0,1,-94,0,6,2,38241329,0,68,0,0,37.9507,384,[0 0 0 0 0 0 0 0 0 0 0 0 6 -10 6 -10 6 -10 6 -9 5 -9 5 -9 5 -9 5 -9 4 -9 4 -9 4 -9 4 -9 4 -9 4 -9 3 -9 3 -9 3 -9 3 -9 3 -9 3 -9 3 -9 3 -9 2 -9 2 -9 2 -9 2 -9 0 0 3 -9 2 -9 3 -9 3 -9 3 -9 3 -8 3 -8 3 -8 3 -8 3 -8 3 -7 4 -7 4 -7 4 -6 3 -6 4 -6 4 -6 4 -5 4 -5 4 -5 4 -5 4 -4 4 -4 4 -4 4 -3 4 -3 0 0 0 0 0 0 0 0 0 0 ]
CSI_DATA,AP,10:B4:1D:CC:60:E0,-27,11,1,7,1,1,1,1,0,0,1,-94,0,6,2,38331334,0,68,0,0,38.0407,384,[0 0 0 0 0 0 0 0 0 0 0 0 -2 11 -2 11 -2 10 -2 10 -2 10 -2 10 -1 10 -2 9 -1 9 -1 9 -1 9 -1 9 0 9 0 9 0 9 0 8 0 9 0 8 1 9 1 8 1 8 1 8 0 8 1 9 1 8 1 8 0 0 1 8 1 8 0 9 0 8 0 8 0 9 0 8 0 8 0 8 -1 7 -1 7 -1 7 -1 7 -1 7 -2 6 -2 6 -2 6 -2 6 -2 5 -2 5 -2 5 -3 5 -3 5 -3 4 -3 4 -3 4 0 0 0 0 0 0 0 0 0 0 ]
CSI_DATA,AP,10:B4:1D:CC:60:E0,-27,11,1,7,1,1,1,1,0,0,1,-94,0,6,2,38421511,0,68,0,0,38.1309,384,[0 0 0 0 0 0 0 0 0 0 0 0 8 7 8 6 8 7 8 6 8 6 8 6 8 6 8 5 8 5 8 5 8 5 8 5 8 4 8 4 8 4 8 4 8 4 8 4 8 3 8 4 8 3 8 3 8 3 8 3 8 3 8 3 0 0 8 3 8 3 8 3 8 3 8 3 7 4 7 4 7 4 7 4 7 4 6 4 6 4 6 4 5 4 5 4 5 4 5 4 4 4 4 4 4 4 3 4 3 4 3 4 2 4 2 4 2 4 0 0 0 0 0 0 0 0 0 0 ]
CSI_DATA,AP,10:B4:1D:CC:60:E0,-27,11,1,7,1,1,1,1,0,0,1,-94,0,6,2,38511397,0,68,0,0,38.2208,384,[0 0 0 0 0 0 0 0 0 0 0 0 9 6 9 6 9 6 9 6 8 6 8 5 8 5 8 5 8 5 8 5 8 5 8 4 8 4 8 4 8 4 8 3 8 3 8 3 8 3 8 3 8 3 8 3 8 2 8 2 8 2 8 2 0 0 8 2 8 2 8 3 8 2 8 3 8 3 7 3 7 3 7 3 7 3 7 3 6 3 6 3 6 3 5 3 5 3 5 3 5 3 4 4 4 4 4 3 4 4 3 3 3 3 3 3 2 4 0 0 0 0 0 0 0 0 0 0 ]
CSI_DATA,AP,10:B4:1D:CC:60:E0,-28,11,1,7,1,1,1,1,0,0,1,-94,0,6,2,38604348,0,68,0,0,38.3137,384,[0 0 0 0 0 0 0 0 0 0 0 0 3 -11 3 -11 3 -11 3 -11 2 -11 2 -10 2 -11 2 -10 2 -10 1 -10 1 -10 1 -10 1 -10 1 -10 0 -10 0 -9 0 -9 0 -10 0 -10 0 -10 0 -9 0 -10 -1 -10 -1 -10 -1 -10 -1 -9 0 0 0 -10 -1 -10 -1 -10 0 -9 0 -9 0 -10 0 -9 1 -9 1 -9 1 -9 1 -8 1 -8 1 -8 1 -8 1 -7 2 -7 2 -7 1 -6 2 -6 2 -6 2 -6 2 -5 2 -5 2 -5 2 -5 2 -4 0 0 0 0 0 0 0 0 0 0 ]
CSI_DATA,AP,10:B4:1D:CC:60:E0,-26,11,1,7,1,1,1,1,0,0,1,-94,0,6,2,38691310,0,68,0,0,38.4007,384,[0 0 0 0 0 0 0 0 0 0 0 0 -11 -5 -10 -5 -11 -5 -10 -5 -10 -5 -10 -5 -10 -4 -10 -4 -10 -4 -10 -4 -10 -4 -10 -3 -9 -3 -10 -3 -9 -3 -10 -2 -10 -2 -10 -2 -10 -2 -10 -2 -10 -2 -9 -2 -10 -2 -10 -2 -10 -2 -10 -1 0 0 -9 -2 -10 -2 -10 -2 -10 -2 -9 -2 -9 -2 -9 -2 -9 -3 -9 -2 -9 -3 -8 -3 -8 -3 -8 -3 -8 -3 -7 -3 -7 -3 -7 -3 -6 -3 -6 -3 -6 -4 -6 -4 -5 -4 -5 -4 -5 -4 -5 -4 -4 -4 0 0 0 0 0 0 0 0 0 0 ]
CSI_DATA,AP,10:B4:1D:CC:60:E0,-26,11,1,7,1,1,1,1,0,0,1,-94,0,6,2,38781314,0,68,0,0,38.4907,384,[0 0 0 0 0 0 0 0 0 0 0 0 7 8 7 8 7 8 7 8 7 7 7 7 7 7 7 7 6 7 7 6 7 6 7 6 7 5 7 5 7 5 7 5 7 5 7 4 7 5 7 5 7 4 7 4 7 4 8 4 7 4 7 4 0 0 7 4 7 4 7 4 7 4 7 5 7 5 7 5 6 5 6 5 6 5 6 5 5 5 5 5 5 5 5 5 4 5 4 5 4 5 3 5 3 5 3 5 2 5 2 4 2 4 2 4 1 4 0 0 0 0 0 0 0 0 0 0 ]
CSI_DATA,AP,10:B4:1D:CC:60:E0,-27,11,1,7,1,1,1,1,0,0,1,-94,0,6,2,38871349,0,68,0,0,38.5807,384,[0 0 0 0 0 0 0 0 0 0 0 0 -12 -2 -11 -3 -11 -2 -11 -2 -11 -2 -10 -2 -11 -2 -10 -2 -10 -2 -10 -1 -10 -1 -10 -1 -10 -1 -10 -1 -9 -1 -10 0 -9 0 -9 0 -9 0 -9 0 -9 0 -9 1 -9 1 -9 1 -9 1 -9 1 0 0 -9 1 -9 1 -9 1 -9 1 -9 0 -9 0 -9 0 -9 0 -9 0 -9 0 -8 -1 -8 -1 -8 -1 -8 -1 -8 -1 -7 -1 -7 -2 -7 -2 -7 -2 -6 -2 -6 -2 -6 -2 -6 -3 -6 -2 -5 -3 -5 -3 0 0 0 0 0 0 0 0 0 0 ]
CSI_DATA,AP,10:B4:1D:CC:60:E0,-26,11,1,7,1,1,1,1,0,0,1,-94,0,6,2,38961437,0,68,0,0,38.6708,384,[0 0 0 0 0 0 0 0 0 0 0 0 -1 -12 -1 -12 -1 -12 -1 -11 -1 -11 -1 -11 -1 -11 -1 -11 -1 -11 -2 -10 -2 -10 -2 -10 -2 -10 -2 -10 -2 -10 -2 -9 -2 -9 -2 -9 -3 -10 -3 -10 -3 -9 -3 -9 -3 -9 -3 -9 -3 -9 -3 -9 0 0 -2 -9 -3 -9 -3 -9 -2 -9 -2 -9 -2 -9 -2 -9 -2 -9 -1 -9 -1 -9 -1 -9 -1 -8 -1 -8 0 -8 0 -8 0 -7 0 -7 0 -7 1 -7 1 -6 1 -6 1 -6 1 -6 1 -6 1 -5 2 -5 0 0 0 0 0 0 0 0 0 0 ]
CSI_DATA,AP,10:B4:1D:CC:60:E0,-27,11,1,7,1,1,1,1,0,0,1,-94,0,6,2,39051351,0,68,0,0,38.7607,384,[0 0 0 0 0 0 0 0 0 0 0 0 -10 -6 -10 -6 -10 -6 -9 -6 -9 -6 -9 -6 -9 -6 -9 -5 -9 -5 -9 -5 -9 -4 -9 -4 -9 -4 -9 -4 -9 -4 -9 -3 -9 -3 -9 -3 -9 -3 -9 -3 -9 -3 -9 -3 -9 -3 -9 -2 -9 -2 -9 -2 0 0 -9 -3 -9 -3 -9 -3 -9 -3 -9 -3 -9 -3 -8 -3 -8 -4 -8 -3 -8 -3 -8 -3 -7 -4 -7 -4 -7 -4 -7 -4 -6 -4 -6 -4 -6 -4 -5 -4 -5 -4 -5 -4 -5 -4 -4 -4 -4 -4 -4 -4 -4 -4 0 0 0 0 0 0 0 0 0 0 ]
CSI_DATA,AP,10:B4:1D:CC:60:E0,-26,11,1,7,1,1,1,1,0,0,1,-94,0,6,2,39141443,0,68,0,0,38.8508,384,[0 0 0 0 0 0 0 0 0 0 0 0 4 -11 4 -11 4 -11 4 -11 4 -11 4 -10 3 -10 3 -10 3 -10 3 -10 3 -10 3 -10 2 -10 2 -10 2 -10 2 -10 2 -9 1 -9 1 -10 1 -9 1 -9 1 -9 1 -9 1 -10 1 -9 1 -9 0 0 1 -9 1 -9 1 -9 1 -9 1 -9 1 -9 2 -9 2 -9 2 -9 2 -8 2 -8 2 -8 2 -8 2 -7 3 -7 2 -7 3 -7 3 -6 3 -6 3 -6 3 -5 3 -5 3 -5 3 -5 3 -4 3 -4 0 0 0 0 0 0 0 0 0 0 ]
CSI_DATA,AP,10:B4:1D:CC:60:E0,-27,11,1,7,1,1,1,1,0,0,1,-94,0,6,2,39231433,0,68,0,0,38.9408,384,[0 0 0 0 0 0 0 0 0 0 0 0 -9 6 -9 6 -9 6 -9 6 -8 6 -8 6 -8 6 -8 6 -8 6 -7 6 -7 6 -7 6 -7 6 -6 6 -6 6 -6 6 -6 6 -6 6 -6 6 -6 6 -6 6 -5 6 -6 6 -5 6 -5 6 -5 6 0 0 -5 6 -5 6 -5 6 -5 6 -5 6 -6 6 -6 6 -6 5 -6 5 -6 5 -6 5 -6 5 -6 4 -5 4 -6 4 -6 3 -5 3 -5 3 -5 3 -5 2 -5 2 -5 2 -5 2 -5 2 -5 1 -5 1 0 0 0 0 0 0 0 0 0 0 ]
CSI_DATA,AP,10:B4:1D:CC:60:E0,-26,11,1,7,1,1,1,1,0,0,1,-93,0,6,2,39321331,0,68,0,0,39.0307,384,[0 0 0 0 0 0 0 0 0 0 0 0 -12 -2 -12 -2 -11 -2 -11 -2 -11 -2 -11 -2 -11 -2 -10 -1 -10 -1 -10 -1 -10 -1 -10 -1 -10 -1 -10 0 -10 0 -9 0 -10 0 -9 0 -10 0 -9 0 -9 0 -9 1 -9 1 -9 1 -9 1 -9 1 0 0 -10 1 -9 0 -9 0 -9 0 -9 0 -9 0 -9 0 -9 -1 -9 -1 -8 -1 -8 -1 -8 -1 -8 -1 -8 -1 -7 -2 -7 -2 -7 -2 -7 -2 -6 -2 -6 -2 -6 -2 -6 -2 -6 -3 -5 -3 -5 -3 -5 -3 0 0 0 0 0 0 0 0 0 0 ]
CSI_DATA,AP,10:B4:1D:CC:60:E0,-26,11,1,7,1,1,1,1,0,0,1,-94,0,6,2,39411268,0,68,0,0,39.1206,384,[0 0 0 0 0 0 0 0 0 0 0 0 -9 6 -9 6 -9 6 -9 6 -9 6 -8 6 -8 6 -8 6 -8 6 -8 6 -7 6 -7 6 -7 6 -7 6 -7 6 -6 6 -6 6 -6 6 -6 6 -6 6 -6 6 -6 6 -6 6 -6 6 -6 6 -6 6 0 0 -6 6 -6 6 -6 6 -6 6 -6 6 -6 6 -6 6 -6 5 -6 5 -7 5 -6 4 -6 4 -6 4 -6 4 -6 4 -6 3 -6 3 -6 3 -6 2 -6 2 -6 2 -6 2 -6 1 -6 1 -5 1 -5 0 0 0 0 0 0 0 0 0 0 0 ]
CSI_DATA,AP,10:B4:1D:CC:60:E0,-26,11,1,7,1,1,1,1,0,0,1,-94,0,6,2,39501398,0,68,0,0,39.2108,384,[0 0 0 0 0 0 0 0 0 0 0 0 -8 -9 -8 -9 -8 -9 -7 -9 -7 -9 -7 -9 -7 -8 -7 -8 -7 -8 -8 -8 -8 -7 -8 -7 -8 -7 -8 -7 -8 -7 -8 -6 -8 -6 -8 -6 -8 -6 -8 -6 -8 -6 -8 -6 -8 -5 -8 -5 -8 -5 -8 -5 0 0 -8 -5 -8 -5 -8 -5 -8 -5 -8 -6 -8 -6 -8 -6 -7 -6 -7 -6 -7 -6 -6 -6 -6 -6 -6 -6 -6 -6 -6 -6 -5 -5 -5 -6 -5 -6 -4 -5 -4 -5 -4 -5 -3 -6 -3 -5 -3 -5 -3 -5 -2 -5 0 0 0 0 0 0 0 0 0 0 ]
CSI_DATA,AP,10:B4:1D:CC:60:E0,-27,11,1,7,1,1,1,1,0,0,1,-94,0,6,2,39591448,0,68,0,0,39.3008,384,[0 0 0 0 0 0 0 0 0 0 0 0 8 7 8 7 8 7 8 7 7 7 7 6 7 6 7 6 7 6 7 5 7 5 7 5 7 5 7 5 7 5 7 4 7 4 7 4 7 4 7 4 7 4 7 4 7 4 8 4 7 3 7 3 0 0 7 4 7 4 7 4 7 4 7 4 7 4 7 4 6 4 6 4 6 4 6 4 5 4 5 4 5 4 5 4 4 4 4 4 4 4 3 4 3 4 3 4 2 4 2 4 2 4 2 4 1 4 0 0 0 0 0 0 0 0 0 0 ]
CSI_DATA,AP,10:B4:1D:CC:60:E0,-27,11,1,7,1,1,1,1,0,0,1,-94,0,6,2,39681298,0,68,0,0,39.3907,384,[0 0 0 0 0 0 0 0 0 0 0 0 -9 8 -8 8 -8 8 -8 8 -8 7 -8 7 -7 7 -7 7 -7 7 -6 7 -7 7 -6 7 -6 7 -6 7 -6 7 -6 7 -5 7 -5 7 -5 7 -5 8 -5 8 -4 8 -4 8 -4 8 -4 8 -4 8 0 0 -4 8 -4 8 -4 8 -5 7 -4 7 -5 7 -5 7 -5 7 -5 6 -5 6 -5 6 -5 6 -5 6 -5 5 -5 5 -5 5 -5 4 -5 4 -5 4 -5 3 -5 3 -5 3 -5 3 -5 2 -5 2 -5 2 0 0 0 0 0 0 0 0 0 0 ]

